index,status,in_inclination_deg,in_heading_deg,in_rocket_mass_kg,in_impulse_scale,in_burn_time_scale,in_drag_scale,in_drogue_cds_scale,in_main_cds_scale,in_drogue_lag_s,in_main_lag_s,in_wind_speed_ref_ms,in_wind_from_deg,in_wind_shear_exponent,apogee_agl_m,apogee_time_s,max_speed_ms,max_mach,rail_exit_speed_ms,static_margin_liftoff_cal,main_deploy_speed_ms,impact_x_m,impact_y_m,impact_speed_ms,flight_time_s,wall_time_s,error
0,ok,84.3106235622226,1.5884117761579601,14.38958662342714,1.0595964248096792,1.0048335260693009,1.178475334462555,1.0563433695338884,0.9641682728019234,1.5066441511649642,1.4885370494238306,2.290395474251143,308.4277158399591,0.13152078031721898,3201.117467977546,24.95257512440721,292.30875003344227,0.8696831620648409,28.8048921462066,2.0582977770050923,16.089724497328934,810.8118278033712,88.48406121097665,4.9422709869291195,327.21397982290347,2.748904084999822,
1,ok,85.53104890848047,359.07732456429574,14.381111479487277,0.9851855489169492,1.011958658165226,0.9428953342321331,0.9846369250435467,0.9274919803984936,1.7917486662788784,1.523458670097665,2.077439577028139,241.7762123994439,0.14369643357115638,3168.04926988974,25.35693021043231,274.0580929768155,0.8137532649867649,27.59969167055618,2.057487862479264,16.584169337233813,785.5512784716243,1020.1873665952666,5.037807624174037,317.21887347531265,2.798659397000165,
2,ok,85.76338317498221,2.0844319271586293,14.505945316945224,0.9819973947421556,0.9900374957548548,1.0346459100471557,0.9825075583787805,1.0090739213957012,1.4811667213720598,1.440870755743325,1.4577671457637649,228.5455624716888,0.1334653265246094,3043.843890306873,24.751888362479246,270.868279157673,0.8038351708362891,27.78529296684942,2.0693470917427677,16.410272177157463,470.0645049939077,932.0288448674173,4.852831459606345,315.0501143280751,2.588342265999927,
3,ok,84.6742691925766,0.2037297301219906,14.340632313331032,0.969449427365046,1.0030901246214237,1.0078499173369364,0.9289002307924261,0.918645661785405,1.5473726607927225,1.6566589505408924,3.534632409993131,259.23995180212813,0.22810323920812575,3009.9861964049733,24.66592312858092,269.27693004186784,0.8012781996780027,27.53893180612009,2.05360985531042,19.221421944072855,2213.3289037729887,1084.8468480842469,5.03357166048611,303.6869237665267,2.8074317730001894,
4,ok,84.83093362912877,358.58057612099185,14.500763460947391,1.0167199773053721,1.031546834949784,1.1065892739188825,0.9673975214245341,1.0941897694596436,1.432331778895858,1.7230923060213386,3.6603708967515707,243.92672745979345,0.09224828735560789,3110.1023659362827,24.90928016048369,277.93494482114113,0.8258868975370115,27.684328425926594,2.0688577999574624,17.22653399469929,1116.4575997489405,1213.0200130681671,4.655536561577872,323.76524046558245,2.762098708000167,
5,ok,84.34407493433704,0.889312823769187,14.394817714617322,0.9813941292671025,1.0153857422355848,1.0320408790899305,0.959296998452259,0.9633004994928763,1.2945749423823862,1.273316299227562,2.9210598196768314,295.84631297049526,0.14144942062497115,3012.0900191055703,24.638665211509117,271.2392878334415,0.8070999476347004,27.481377612545476,2.058797329333028,17.224319839433452,1122.9120099691409,158.6476618013375,4.941547308538387,310.1735113100048,2.67642561699995,
6,ok,85.17055734319885,0.529186809928887,14.360227357828405,0.9919413490433858,0.9997044214681362,1.1005611377945392,1.0055266927909796,1.0468975895450234,1.606327770827306,1.6715169307535729,5.1848536848506885,320.67102905207463,0.09954431022040036,2968.1635094350436,24.29478185824699,274.3768201528126,0.8188407821052985,27.900470012110357,2.055489111608791,17.856528375276092,1171.4280780533538,-844.6560087127622,4.728870678593309,316.3751642315938,2.9161766330000773,
7,ok,85.48528525955015,359.73148986635476,14.451753120639234,1.0235062587741408,1.011499922347845,0.9750720058668569,1.0847526196684405,1.1764960174149297,1.0728059440118645,1.8172128583905747,7.535594383759672,272.9507161109275,0.11314181363535125,3217.0529879171067,25.36142222574729,283.26387458643575,0.8469708893774598,28.143511453728564,2.0642173039787206,19.792924598977915,3188.594343503679,412.2693742886108,4.4544385239637,345.8486093810672,2.7741502159999527,
8,ok,84.35471239244558,359.3400786946024,14.419622212267882,1.018492499634834,0.9985253595867727,1.0113879593227841,1.0494417571001966,1.0178854661105037,1.8029043298065652,1.506120260255053,0.7000474595544498,273.50949439659325,0.16958549986714508,3221.6244527455724,25.364822461527933,283.0521826396601,0.8406454578316417,28.29018312919485,2.061162458211442,15.694414812539959,364.7834025707338,718.8361653639187,4.818552899037839,331.72780616754244,3.3595011219999833,
9,ok,85.48286063508365,0.9860540467296072,14.48739444104869,1.0471721730274197,1.0010259530978738,1.0469331570416969,0.924724906920814,1.0279100101780374,1.054944661060543,1.4921401179948948,3.0039265295625466,255.2490994316123,0.14241105475960797,3308.5069265436364,25.587365496858254,289.47100974766175,0.8603892605326984,28.604489419395595,2.067594255450448,17.62034805858339,1338.4889060628047,951.7485047932596,4.798670872979812,328.0465317822674,2.7661607029999686,
10,ok,84.72616399363348,0.7135006610823372,14.422786854047457,0.9709645955207282,0.9865455786429924,1.0685138851807494,0.836162701713406,0.8902546577207119,1.3405006126480568,1.7300209050846997,3.2468047039632792,310.82549910189476,0.18196525630084198,2919.2811809412574,24.19687394361455,268.4932989747266,0.799946198921779,27.73941415731323,2.0614637799388364,18.971946380792176,1174.751987980932,-376.1482671200322,5.138497863788116,288.8401699705441,2.4691677839998647,
11,ok,84.75182745346558,0.47141876525931464,14.459985329066415,0.9918637750109933,0.9921521819602552,0.982848879777992,1.0235308581775542,0.9296428584857196,1.3010131919431012,1.7008274630869604,4.399612672068179,297.86764328136906,0.1630863257912315,3077.2217717810454,24.8759240434014,275.02686583946627,0.8203290246675553,27.95126303160301,2.064998376746237,18.26131951797154,1895.7879971812954,-347.3546544016057,5.026727252189584,314.3111800537259,3.120532653999817,
12,ok,84.71408288472944,0.32208255842946526,14.398645993922024,0.9899821662150042,0.9709148391262743,0.9923533259108407,0.968205654689222,0.8712256690995022,1.5978809177037463,2.223955800215676,3.9223615412632227,264.9434385343041,0.12499065554104102,3110.1227813649634,24.974747018703418,276.3432637634239,0.821694257167411,28.29755564301885,2.059162748927628,17.634555271650132,1505.3853652373411,806.3096212596677,5.193286394824249,306.4460288562225,2.741934712999864,
13,ok,84.21972951030371,359.7585254155392,14.485855229154653,0.9936455136367903,1.0053808987038597,1.0417833640987908,1.0780157658840954,0.9340776919840773,1.918422466666187,1.1611921747360197,1.8011167229684113,310.92059019899557,0.10325069467394132,3048.439699371571,24.744111501318166,273.89012683192635,0.8141436875813672,27.753393982821095,2.067448670112316,15.710451876977318,484.2677324573162,301.5933686190772,5.040592933659551,316.44773871025814,2.706772282999964,
14,ok,85.4098948762261,358.75632953212477,14.385491004625676,1.0056296356089298,0.9934327350173061,0.8707876847669636,0.9614105989342183,1.0220415718339935,1.434724700295262,0.9806193644422558,2.853083383261007,304.3249509743299,0.10551219416654659,3314.676045256046,25.91028351024258,282.1562591605062,0.8393185437116153,28.19054538389442,2.0579064726670575,16.93290816966032,884.3489422886772,12.09262902282904,4.79921263409406,333.41606639039475,3.206420312999853,
15,ok,84.41535724794188,358.6213537331345,14.43284999397287,1.0092267834045725,1.0280084227338395,0.8217341907460498,0.9732430960170451,0.9476888717727672,1.4323879436665563,1.5887330950330307,7.987545077223235,218.82952352134473,0.14423273106495757,3384.6626839974447,26.307703019365103,280.82696979884196,0.8378308867203017,27.71222560150554,2.0624212983979557,22.22023163245256,2270.2916820035484,3633.175434219812,4.9359697156647275,330.8196751912626,3.3461335449999297,
16,ok,84.72424534741594,0.4171782027696411,14.377927997396464,0.9980142796030625,1.0024043670219738,1.070502891027039,0.9847958011449585,1.0314135264160018,0.889150617028026,1.7884919126762981,3.8123750316206806,241.98107621356488,0.13210002797524784,3087.250963962323,24.834210142862528,276.29906478049105,0.8209229041385194,27.968819142823968,2.057183456868172,17.50634390766433,1426.9799854397695,1417.1044765043644,4.768869679903784,320.70184275204815,3.0473922690000563,
17,ok,84.3501508032746,359.5475083821881,14.438275638459478,0.9995484602760545,1.0016215943927875,0.9850718814123209,1.1289190222708458,0.9794363781892376,1.4508540592545693,1.5439422818740254,4.981531625080306,260.2938829565013,0.15491131385769252,3137.0943330680625,25.11548168526232,277.0745700011959,0.8252545379852146,27.940737787008754,2.062937147704212,18.03611042302838,2421.2487343578996,1132.722528430914,4.8891148661136254,329.26466976981,2.861916213000086,
18,ok,84.90897686468142,359.9649531772346,14.469802763956828,0.9851888284107475,1.015720135506794,0.9600694757044171,0.9110814491857633,0.9888277489499175,2.3999442197413354,1.508140403299132,8.07377546965964,309.5715778034055,0.14502414255198595,2972.566436023657,24.498969724286024,271.59701241401245,0.8170730058883178,27.475036945173375,2.065929002546694,22.786903246190278,2594.4718140969644,-1511.9680957828264,4.836010934963757,304.78609751223973,4.79968811599997,
19,ok,85.26008981163177,359.41850434992114,14.449740210059575,0.9912326186741449,0.9894384087491555,1.123345776279488,1.0224618275311614,0.9399176304503033,1.4263062066145644,1.7183487957885863,4.570855867858681,265.6970577807102,0.15254274512640303,2974.713816998508,24.327164778504905,272.91779429770145,0.8125917013711509,27.97961217970792,2.0640262193987233,18.225219855405,2049.7276075017926,724.3280822606516,4.998221034158579,308.4591790407978,5.036501027999975,
20,ok,84.98137275352056,358.6516897408822,14.461324001273752,0.9890161458986585,1.0139234586015058,0.9258967487774397,1.1382315507167715,0.9840451010606014,1.5573789876746016,2.2517292471776686,2.159975346038818,321.6332037071891,0.1307057000310764,3150.9728287421526,25.308205136707514,274.21302042939527,0.8156360946514435,27.56746198889333,2.0651253283691364,15.508899773799998,565.0033604414928,-83.45604097357855,4.90477918455912,329.41235839596834,3.360158083999977,
21,ok,84.97992729969002,0.5612870098662234,14.321315692901644,0.9923046904645809,0.9929934652404496,1.1695147344435783,0.9526145724581178,1.058768784702843,1.5451478408001411,1.4627739859641669,5.093087930656757,311.4953213637767,0.21128335511527502,2896.452901399279,23.879588632485834,274.1677341076956,0.8209225867648907,28.04905594534393,2.051753614339162,20.904694252960848,2328.129614495448,-1474.1478681737365,4.664035814126873,310.3817242671947,2.7769181040000603,
22,ok,85.12512228950754,358.58914866901813,14.48607396136878,1.0026421551925457,1.0064655456327376,0.9413392038783425,1.114229928776303,0.9613009414152014,1.4926792834201466,1.193823471007481,1.5931821319449075,257.14784028336373,0.15576348506299867,3222.9064599476483,25.534586506246917,277.9726243522364,0.8255374261292645,27.887169582788275,2.067469360139555,15.52664306633231,757.4267049976401,821.6461893126776,4.967692310955043,332.2702862838839,2.750491726999826,
23,ok,84.45284896528337,358.7933546043237,14.439634980298836,0.983782007966343,1.0184636036091894,0.9967727812077279,0.8631457785764534,1.0080465695222,1.6205374393081877,1.5056253952167444,6.124470249066293,258.7309742340623,0.0812466850693501,3048.4467340823508,24.835547952581415,271.3265099517365,0.8081723953984832,27.44857929268279,2.06306634409284,19.357019530896615,1791.8801313743122,1065.1823062857727,4.833407638979272,307.67345254897145,3.0655668469999,
24,ok,84.89390733820827,358.94297283056875,14.530352575479286,0.9885113508876037,0.9758407391720999,1.015223662598042,1.0152653979753115,1.1518432826801632,1.3440637931186319,1.8112667097016906,5.46196889661155,197.99606804027042,0.17340893056439807,3091.893975178575,24.92200336393447,272.97171174480053,0.8110017679079085,28.108324849789426,2.071648272940904,19.840495289008206,891.5915528207136,3437.0883925372286,4.511603827229458,329.88270456473066,2.6611028760000863,
25,ok,84.24196683297289,358.5910622413734,14.259812696145426,1.0016464382257986,1.0076516461733593,1.047963661028275,0.8852751088952819,1.0549730863822313,1.0509145665183683,1.9140813798237213,6.0038002894275175,259.36680882341875,0.12143418918986659,3104.9513584880983,24.87305532176684,279.0906185820735,0.8318625674815406,28.006171218966564,2.045818944077358,19.81434965467201,2303.38021358855,1156.882741869934,4.68216032246054,317.41444174121426,2.5862172839999857,
26,ok,84.36219721444026,0.21319155152422975,14.390874222872219,1.045329115361317,1.0261606236266316,0.9070204199699596,0.8199497001623498,1.0472849781130786,1.6563025908946136,1.8494403777662245,1.6055802175678355,248.4399955905103,0.12400013459044201,3475.4089249241665,26.425019747278846,291.8182736381058,0.8668587401830324,28.268208525109706,2.058420763309241,17.88270365197479,607.6378160532029,1053.8422633072353,4.74450585630126,329.73618154865136,2.841846388999784,
27,ok,85.59397530176237,359.5914109736443,14.543992726984827,0.9884304892640398,0.9750407121649982,0.9780901740417776,1.0682698646933773,1.0741267845220062,1.2740289330410308,1.309823479930809,2.1574324412805277,283.6048902529152,0.14573051811483143,3102.979487126756,25.015257446774037,273.74831959010936,0.8133870708850572,28.110910438193258,2.0729318283209546,16.088609051861766,981.8256290470882,318.81159700720923,4.707173069801387,329.797014353168,2.6527229900000293,
28,ok,84.54474342272516,0.33995581876227493,14.410831589765637,1.0079403688083732,1.0169394526822761,1.0334117014436477,0.8588645418385457,1.176406908048089,1.427812889608789,1.5638763219354372,2.5055343979234648,288.6490135197155,0.17216022499851003,3135.6341537339913,25.055296335483206,278.74054398123036,0.8291879967755811,27.844333771510698,2.060324948635282,18.09368064865196,1233.1145889158965,287.85807954331557,4.473763841472725,325.0922965784745,2.492587853000032,
29,ok,86.08731708685178,359.6578575572794,14.423317650061952,1.0114740096605697,1.0100085422057898,1.1415294811779182,1.0482699498773693,0.8738685993086902,1.3387126414207995,1.3780072617519201,3.3439961540861023,224.96610758874652,0.17062760088972767,3085.4905582638494,24.72444724849291,278.0044551889524,0.8259114623141449,27.989329829921154,2.061514310239176,17.185549391601075,1180.9572924876343,1675.4168953196797,5.187093609143546,311.91043246251957,3.1604266599999846,
30,ok,85.00298896391577,1.0123687505652752,14.473038642802337,0.9941858665399763,0.96395717254715,0.9844759460010521,1.0804581041325183,0.9449504514881389,1.5647797899186657,1.6042638298136493,3.583657762051436,267.2991658553344,0.11804538664793021,3129.400415176708,25.05518873754993,276.9219062194819,0.8231333446353762,28.416112062027924,2.066235538562624,16.571372201529094,1435.9855575568956,702.9516286854016,5.002447850710286,322.1013931982349,3.0040240640000775,
31,ok,83.87478861105167,359.6836580446741,14.455554079176279,1.015970077143343,0.992639249129358,1.0320048066727479,0.9626874724238265,1.045507193499622,1.1595776518839056,1.405524377043618,2.9063577525231827,273.43081417387936,0.060243154027917745,3166.217946177433,25.12230140762844,281.6651005948207,0.8370470472984488,28.31420292397063,2.0645780204846718,16.77180388410639,853.5702267153531,730.8242456508341,4.7593352627044885,325.0193653592085,3.9688948339999115,
32,ok,84.90303602543138,2.4780062744473734,14.423414174017784,1.0218161092617641,0.987119347579118,1.0421168315329377,1.1214612398826604,1.1133259004736766,1.7957755719430293,1.3810684728200728,2.471739571493372,329.41076557273533,0.07403318779506822,3183.9085547087984,25.137568342468732,283.9695933035346,0.8445703195945631,28.50100359526689,2.0615234987573077,15.49886456172662,459.3009465653635,-76.55215856432923,4.60682206105901,341.8422991730549,5.059314357999938,
33,ok,84.65996682276874,358.5899130625105,14.39248130262585,1.0086633120441582,0.9864712256555824,0.9752560296443932,1.1135583307390389,0.9831757507072826,1.5354938675818721,1.899538905379508,6.98635424538541,216.90055503864744,0.13963550523655502,3231.1280127641576,25.44521044229417,280.99637123931905,0.8365470761297005,28.338401068343245,2.0585742424402134,19.95353748457489,1927.9688080071949,3293.9634945613257,4.856478613498814,333.804004414678,6.532817236000028,
34,ok,84.9179356693743,359.7497927538665,14.422835883750569,0.9751842215042694,0.990224505685832,0.8264935098176557,0.9713986201247603,1.016699187801923,1.9830205478214291,1.2813220718669003,3.3505375595532674,271.1371770508462,0.12568582488291716,3213.2965816820347,25.671780750254243,273.1776155481177,0.812187309716485,27.74601454295333,2.061468447544255,17.267224714628547,1361.3298955670327,662.6180254059914,4.814013234418193,326.2032511144382,5.672937870999931,
35,ok,84.56247107234292,358.4836362500523,14.428873895039596,1.0030696265134904,1.007681963788628,0.9378090029771979,0.9868454112882095,0.8445100326382303,1.5253581310339583,1.1899668354423996,5.3833740988432135,277.77974516798554,0.25911062875210233,3153.319613062035,25.179421294070043,278.4400749549241,0.8345516161461037,27.921775555212207,2.062043085496738,23.45153652127359,4156.350255686095,123.0719215318377,5.218568053733468,310.5670458744759,4.121956392999891,
36,ok,85.03659884946724,0.3875435853614155,14.393779224791347,1.0258026769552064,0.9849429631486651,1.0892248794258677,1.1050267687797104,0.878120995007842,2.7254377884669143,1.1768670168115871,4.497001037321092,279.86043324783884,0.20699424246190695,3143.359383868949,24.878606345113873,284.6171525222137,0.8490700785936516,28.619678963968173,2.0586981780929614,18.931869099526256,2771.641564540526,154.05177608597785,5.147599136923303,319.31475627577726,2.9811003709999113,
37,ok,85.4559715816752,359.68040327511466,14.471728374355752,1.0118508717096795,1.0035418437081132,0.8718657769274176,0.7885617088573509,1.1764840712198716,2.0112016855815336,1.6309668177042433,4.347904126617559,248.99499235970717,0.11045442359881874,3345.2701887219678,26.055129431480005,281.974347591632,0.8384774720693144,28.057232849935442,2.0661114284724698,19.415094789912914,1511.442448801254,1226.9894129787024,4.479946448178212,329.18598295509037,2.8211395820001144,
38,ok,84.49477349374594,1.3511862664294059,14.433847845641036,1.01742176783191,0.999428282838631,1.0064542137055144,0.9774420337221137,1.2622069806187861,1.9318287727087866,1.8974412922876154,5.4000863451500045,278.182436215482,0.19422465754121926,3164.850718400284,25.108877967596186,282.0657907240112,0.8426787751358521,28.256892927885804,2.062516191639325,20.650277520908965,3319.910951239264,233.20954114075963,4.289470438254044,340.2543221411187,2.822902043999875,
39,ok,84.68189777440524,359.8070861395791,14.329957438973768,0.967545692875865,1.000515192158185,1.0353407804815642,0.9999030147389318,1.2010287976006884,1.2769942672403518,1.4805267720963642,1.9790684755610704,281.92161675799616,0.17037801332841246,2980.522246397716,24.523197323949365,268.78245365601396,0.7987067619055854,27.553148152133403,2.0525845007387886,16.50693638316242,1016.2158744407742,435.0520959890851,4.418128610214582,329.2532953656599,2.754347619999862,
40,ok,85.397886680113,0.9060938105525224,14.557911637590756,1.0353661841722064,1.0060921115618664,0.9098887823934979,1.09490457878805,0.9177492041149043,1.7817749092637463,1.0863131722142245,3.223250180443602,263.18091440922603,0.1735092565578081,3390.0604252404105,26.126143750907058,286.9209702251312,0.8533807485385742,28.300487531922478,2.0742397911970976,16.873497932419884,1791.558488795639,851.886066469254,5.086231588231359,336.83423185516466,2.919414197000151,
41,ok,84.81038426870104,0.28875362016122724,14.37259027953641,0.978894255622879,1.0289846009250794,1.024922507708985,0.9794544289746719,0.9520490011727774,2.0044062196804275,1.1620689766125847,2.156358002484256,239.5108455785305,0.19503840344786835,3050.9153997041385,24.850507732449753,270.259563843598,0.8024146685445741,27.26990192216354,2.0566728406629804,16.943199091353176,1032.3559809992475,1272.2995159501156,4.967749609843789,312.36026005610216,2.790809739999986,
42,ok,84.80665222925055,357.9177690966823,14.384515999614102,1.0055881225526184,0.980103840595462,1.0827926053104262,0.8912877855551504,1.153041232345333,2.232852719447845,1.445820599835831,0.9064197283775575,297.15782313006747,0.18419202006913268,3099.1801865742846,24.799869465494254,279.53506309308756,0.8303402134604945,28.413660722794308,2.057813294484785,17.061416691891186,418.67432271961155,437.06534035994764,4.521215689896182,323.27267313030194,2.620667186999981,
43,ok,84.04137167315187,359.0201140484066,14.390752655343816,0.9768964587318067,1.0216577220731387,1.0491635798578813,0.9297756423345829,1.0265924923703131,1.1346478370537045,1.8886194065069715,6.182275904337022,261.1799429083583,0.11387604702639821,2963.3377496277094,24.440053560531226,269.04725061443503,0.8021217118065666,27.322813789486617,2.0584091523594252,19.501767341823324,2216.3884029750125,1067.2963463019746,4.770550781446251,309.02354564442635,2.8380574889999934,
44,ok,84.51805875974209,1.8732344966536794,14.400493933041838,1.0460624146601607,1.0008685778012962,0.943584579756955,0.9245508372583032,1.0365941377000585,1.6234503174992692,1.1418656376597687,2.4965270635266097,261.75395787868183,0.13371065965962098,3427.7023708280963,26.14761672186348,292.40214484140284,0.8689405638437384,28.66166299559208,2.0593390887038066,17.242508559000292,1131.3954465261509,927.1836571138145,4.767189637460404,336.9898771110918,3.0559416520000013,
45,ok,84.9018436412743,0.24608686044866604,14.467270818822112,0.9824594735231074,1.004950398903929,1.043927456887391,1.0565930777020853,1.0812034129760195,1.4240578420183363,1.6027931318145052,6.758908900554666,289.0113211485722,0.11432545853750206,2949.280432083568,24.33559052224077,270.3213065708458,0.8081470352397944,27.597202159567413,2.065689080203956,19.220897826088503,2485.753215731934,-248.25281684133088,4.6551706723899295,320.7158199795842,2.775580810000065,
46,ok,84.9951239530461,0.6458853852643404,14.429829260862856,1.011216597001671,1.006462480791405,1.0534977452891845,1.0736430804506867,0.9933290603862036,1.367111825063413,1.8479714199559591,1.4558937937322678,268.58997540415714,0.09077485334945945,3150.9933666660413,25.081526009393258,279.6271341613137,0.8305025304118635,28.043388552910933,2.0621339753870167,15.604259620572249,516.2653097797465,651.4640140728328,4.879175521066063,326.6592632407237,2.8916441209998993,
47,ok,85.02146266304119,0.8824581992254323,14.459053656442977,0.976306574408792,0.9972280239396075,1.0357417261314363,1.0239794782552543,0.994734323844538,1.043067371820559,1.423989842226176,4.335732332486483,291.17888373145945,0.09210521821256532,2974.909337658744,24.48133999441675,269.43550588679267,0.8021436918106497,27.639738953584466,2.0649100123289887,17.132123097072103,1371.1495760396317,71.69554484362926,4.873355172432955,314.04458462556477,2.7523875829999724,
48,ok,84.86630766725543,2.039699276721255,14.377326868652895,0.9545706779502917,1.0013694866162757,1.1355710987807455,1.005042652724486,0.9580833393007568,1.6732609944601002,1.487697763689884,1.7924690773007017,264.8911104571595,0.19035509189708824,2837.539347509765,23.89397047894485,262.72666069412355,0.7801346278217943,27.288756344288725,2.0571259656444574,16.480691230843643,954.3403077554759,686.9632393181955,4.955058982331969,301.2955217666419,2.4549072339998474,
49,ok,85.55890261528502,0.43983064998278654,14.430078494189228,0.9884421434728005,1.007738979894213,0.969649875728027,1.1395842007516312,0.8878470227952657,1.211529266758054,1.4235147683269584,6.19632069435918,272.64449149409904,0.10465569760942806,3093.692861322314,24.99942563318673,273.6955936218912,0.8163294243150634,27.680935019972704,2.0621576850500944,17.946719904427045,2287.2854692568717,449.29699851320504,5.141106134584359,320.4134986441913,2.8429812839999613,
50,ok,84.78473296020023,359.8799920685103,14.552375997450776,0.9874267217325378,0.9880331393031564,0.9587074720632962,1.0262614081656394,0.8182723873702663,1.8567332803353893,1.3656311663593863,3.023883750406967,206.55310606742628,0.098784447971422,3137.766739994775,25.197378292468073,272.95017238034774,0.8097462078945308,27.883752172972958,2.0737198263922516,16.55038603711083,446.7003349698278,1581.2430314531669,5.395204785176418,307.3741819252243,2.6131057039999632,
51,ok,84.73866262149302,0.6560245031968798,14.370072234654026,0.9815183533463306,0.9824677471223837,0.9501417526329468,0.9138244926728963,0.9645343157448865,1.7903301108554008,1.689982850996563,3.9880803755674386,276.26840555187295,0.13870335987066224,3108.7103183357435,25.052373148522815,274.3355085339151,0.8163851471620729,28.0044291518149,2.0564318631767153,18.280315503522583,1658.435435880032,497.2177505519909,4.92830781270773,311.60345208586415,2.6135016069999892,
52,ok,85.01364642568319,359.0110439509407,14.395167452501529,0.9702721498861331,1.0070060339776352,0.9510604539414123,1.0533710674847638,1.0076308819603323,1.3262521011202835,1.3770028196564446,0.6795066396539128,316.9016824488565,0.08436152326966968,3071.6188364865493,25.00690991542862,269.5913856731084,0.8005974956930977,27.454153741282777,2.058830718675145,15.612164461217,142.5652660124822,469.4279996117741,4.839344236427244,323.16796565701316,2.5995388139999704,
53,ok,84.29661008995143,0.42382429264786636,14.472281237050039,0.9879932638185983,1.028535535346539,1.0779504721937707,1.031807860615768,0.8188174906293879,1.155888894715241,1.5094702825980884,8.833589623805258,303.8994512496406,0.12007850426568557,2855.7652483382208,23.90254725001601,269.918878925542,0.8123075510966268,27.324278607224095,2.0661637982571923,21.821305714567384,2647.1046338958067,-1127.1127737560275,5.328816504603321,292.95319999051253,2.7042117169999074,
54,ok,85.32037522021591,0.052640102728380156,14.41083057197037,1.004235133704609,1.039590220875205,1.040907892773674,1.081969941261247,0.9861237337572049,2.086063326467082,1.5093010523328252,9.087396765659072,280.90464155779597,0.08463433821958075,3029.5505084387823,24.63300662519618,275.6119552100519,0.8262261675634968,27.445085261284547,2.060324851623401,20.29087681334362,2936.771663824482,13.897462297169023,4.8643855811098415,320.10812121808,2.839302840999835,
55,ok,85.54827475836044,359.7434449002536,14.497426311236941,0.9885383614764585,0.999090109372829,0.9483906574013887,1.0538743603964613,1.0003294129298093,1.8928685243054166,1.940140997450853,7.051908558023055,241.25168659300846,0.17162725813557328,3113.5168800316073,25.0977296806612,273.06733259419343,0.8157136787186772,27.76502146216957,2.068542556726809,21.74526209165475,3203.9028066345045,2331.9958723615014,4.81289523690079,322.7423277632545,2.9020693260001735,
56,ok,85.93150659550231,359.6464398437965,14.406977515526844,1.0320175478194868,1.0216876822503436,0.9164127413842643,0.9504032812153624,0.9981371980222844,1.5962366114583724,1.8696209130004333,5.611915342062735,257.10604496926095,0.09568383090253194,3386.0683301339036,26.101942453314113,287.2580959294102,0.8556134861140666,28.14835042355669,2.059957522727246,18.524673273259467,1952.3777208656616,1013.832522483009,4.849917390753604,332.1781657824133,3.656812921999972,
57,ok,85.0257852139867,358.6261895624385,14.44613460509702,1.0071085801921975,0.980953875082927,0.9002496168204649,1.0047160429002027,1.104917389696538,1.9511374475731378,1.2522273488938116,5.593788627892608,261.11611596659816,0.12826964397209373,3266.4030693847135,25.66396136842318,281.44137768944324,0.8385151642456361,28.35915624619901,2.063683843416132,18.797087465575917,2408.0531817568317,1048.2635945662648,4.6060036842545955,338.2877006132872,3.082871189999878,
58,ok,85.01381209209198,358.8894686399028,14.34230419407294,1.0408787209434809,1.0067340575327508,0.8885755410586313,1.0047581343502265,0.9138231626538507,1.0729527603535,1.3931321998171526,1.6027826946084824,285.27761960347027,0.1178555721506907,3483.8104502406463,26.443518663435743,292.51658580912135,0.8694080266718072,28.55249159828661,2.053770343307311,16.15431222469078,629.3506767037242,525.6351972260534,5.070808653823594,337.5670405845328,3.152123809999921,
59,ok,85.91275991517705,0.016074244701584816,14.399715832454126,1.0320267152859444,0.9785056647670719,1.0389161972180996,0.9417035540012217,1.0742594144708377,1.8104287790381641,2.130451905106768,3.292359871174475,248.10818580826003,0.1951897120092707,3271.096197971903,25.436427614839175,287.60246875398394,0.8550208178306784,28.809961203453817,2.0592648424235716,18.25616019968148,1837.1145585246952,1282.6312948125906,4.6710266756643675,329.5057835039246,3.1241204079999534,
60,ok,85.64730241184019,358.71065563402277,14.379528151032742,0.9898748260590653,0.9851416515797272,0.8791344271359667,0.9110912696963899,1.0288804856781995,1.5143767857846933,1.2112371354214506,3.0977752730379033,291.25499230218304,0.12004410772174784,3236.300959706183,25.629651295970252,277.71645491289985,0.8259993031315791,28.081929959693486,2.0573364764421003,17.562941799918526,1131.487864416337,138.9845676392179,4.780176941160838,324.98914197527347,3.0852822829999695,
61,ok,84.60759174625862,0.8541784317804765,14.37770597578721,0.9923937785789184,1.0058672190496263,1.0449466673488759,1.0548917720826165,0.7716148204467888,1.2080046545873386,2.06162121302783,4.899608043385603,242.86565555775394,0.12071808928905958,3080.8537098829274,24.85887782557688,274.75498510939747,0.8169666363776352,27.819448060956613,2.0571622234013605,17.671896202573816,1635.2803881711739,1508.7063333200572,5.509620026353327,303.1224337726677,2.731983592000006,
62,ok,85.66462231799454,358.4086342609798,14.42488432731965,0.9975350469062292,0.9823078993948262,1.0048820767815432,1.0760448611216573,0.979727838936121,2.1056615495543074,1.4145465076239507,4.095240363000003,338.57167120882735,0.131965571404454,3092.5919730081596,24.868960950190015,277.41335407401414,0.8271795454825476,28.207345944218094,2.061663437629982,17.095865914882634,625.9855566871399,-1083.8327746386017,4.899114701509942,322.7591662943484,2.6971971450000183,
63,ok,85.04113805947392,0.5097694072133689,14.336190629912032,0.969938043520618,1.0277194207161193,0.967306699904812,0.983917280867106,0.9786030073251628,1.5100165830753736,1.0217813901683512,4.325208934332902,273.503933502881,0.17808059960899417,3036.2254897529724,24.84961723380629,268.8775535893214,0.801265160799966,27.16509306411057,2.0531833538403697,18.708767702229913,2238.834226272861,487.46842480113844,4.87542930642224,315.53479690748844,2.641418819000137,
64,ok,84.68046059863224,359.0048575923782,14.444648818088586,1.0058660449773829,0.9923081211027643,1.108569228323712,0.9784601057824622,0.9546281631392238,1.2618678919338002,1.4222853622348992,0.8524213662924265,214.96835258747635,0.10939243371151297,3076.548923019795,24.723124730455613,277.6889062891436,0.8241661460064937,28.17800566065059,2.063542721627534,16.254219434028037,166.97194676164875,919.4809078046227,4.980199830373279,313.066317805539,2.9579771169999276,
65,ok,85.44429868649608,1.058634797657661,14.504828826795361,1.0181375346015804,1.014029308783267,0.853391968978528,1.0706103408848102,0.9879841779991725,1.3855415561420286,1.19946284054342,1.5333191638699997,341.07902865182,0.1314088361160952,3378.4717621705945,26.210741025511773,283.372674397623,0.8425854672080415,27.967473724018294,2.0692416899468187,15.754239706704071,235.77362528291573,-21.016306222157908,4.9039634291488445,340.67297641847944,3.256997619999993,
66,ok,84.78445010012497,0.6573107765954411,14.47723659972882,1.0004502502622654,0.9902606015023355,1.028806829903246,1.128687079835313,1.0121268777538177,1.1197247379846147,2.3115779577428865,4.796158463662506,281.29968145701196,0.122925970979119,3081.485026935419,24.82546303394558,276.6685076668926,0.8242348870446881,28.103532770765906,2.0666330625947036,17.213912337315513,1975.4233794746233,247.59136808354447,4.82592822661432,326.64130543882385,2.675321961999998,
67,ok,85.87802193458964,359.9290207539638,14.567310494160617,1.0338815186030785,1.0049532730949904,0.8938501526029382,0.9101539976987907,0.9382947356395713,1.8373545392720376,1.7279627069409027,4.324160406830061,307.82612961604957,0.1504812853912265,3361.800621788824,26.016895482717324,286.5693173011205,0.8546459506156029,28.285475009780537,2.0751219634492806,18.863210196806428,1567.7539300871233,-646.6914301078428,5.026107814616587,321.41242980691476,2.942888812000092,
68,ok,85.41209456963762,359.66784486595884,14.45863263314177,0.9978533742518181,0.9966491383491535,0.9195028125196653,1.0288847549948905,1.095765981079279,1.178313654142717,1.3468251213460414,2.068240046531323,279.0331284555357,0.18557110215609543,3222.5907334775848,25.546953744608476,277.7408487698709,0.825500807240516,27.96417492894048,2.0648700776634774,16.489281984690116,1195.0741618516804,414.3929305847291,4.645083207332116,336.8539198881245,2.942647771999873,
69,ok,84.77779486246008,359.9145897968859,14.44517567786187,1.0030112284717845,0.9859120463673653,1.067792711202019,1.2056047287204867,0.9676810070919456,1.4051680467514351,1.0809425078190062,7.011042301112095,235.1488135361251,0.16990301043497014,3076.787357411935,24.742198911403783,277.010267160574,0.8264161711151085,28.22011495561515,2.063592765824104,20.847610946772242,3117.749568952616,2813.4846413739415,4.885871698044338,330.10056285185794,2.7899618800001917,
70,ok,84.99574365398723,2.080078569059907,14.513729028923473,1.0042778901678946,0.9841139167775483,0.9545545288054891,0.9379547383416976,1.1021448773216747,0.9907770385255297,1.573747127838824,0.43634787571078937,333.1226855631846,0.19300273059085388,3205.6671646864597,25.40925749684762,278.9315229885661,0.8284384697160164,28.21398805225293,2.070081578657868,16.615143957721056,140.4219769452303,424.67279554956434,4.646035927523797,328.7882386974065,2.590491874999998,
71,ok,84.91825142763882,1.8877432848669338,14.38213255511883,0.9776170054595205,0.9913814270366593,0.9526916415106086,1.1287407651838426,1.0196890452389693,1.7289703545289414,1.2109489079939155,1.7934111855849435,263.0908935123101,0.09697370446197362,3111.908109751301,25.110886246939778,272.6649007737436,0.8095767276911393,27.79774347067722,2.057585477138391,15.29373461504108,673.317929273119,731.635511568738,4.807211797622141,331.5114044391801,2.75064620299986,
72,ok,84.45495626734464,0.8582649881059085,14.559051060838026,1.0291535165170917,1.0023148605765728,1.0807607797489611,1.0874352806067464,0.9157000217110067,1.3491468588778623,1.4852363129839952,2.6657024796515896,268.92740407612916,0.09022723017895377,3166.465216900542,25.07475813775457,282.62252323852084,0.8398386420658875,28.280793900232297,2.0743467815608865,15.92853885775771,929.2789366966438,721.7995326126102,5.102625113679724,322.06005443476346,2.627883358999952,
73,ok,85.38798715187485,358.8728158095001,14.410541366998736,1.0072467667032323,0.971193513709629,0.9940768731142207,1.0015640086851991,0.948571865076357,1.0383102242697548,1.6779378440461499,4.667275730694817,297.9213217523789,0.14138387093529178,3154.949339752618,25.073840978398042,281.15109785752634,0.8382922183217798,28.546646542057083,2.0602972854382187,18.225917594824967,1831.8670893366561,-397.98961620819665,4.971135938372747,319.5060439745282,2.742705734000083,
74,ok,85.37466969265171,359.6311324617622,14.444028443335183,1.017916267444297,0.98205512022204,0.9170085403447502,1.0552875342887813,1.1141009722549722,1.7967466398530272,1.530827636462561,3.092942000596498,286.1005526591798,0.10402728328210031,3314.4853634428546,25.80855544985315,284.66235655993876,0.8465185043042582,28.531370538624234,2.063483791399864,16.34847444730412,1179.540324622547,284.73720799796456,4.605394341265284,344.981912427289,3.1342538060000606,
75,ok,84.13164507865382,359.6326828522312,14.433576336433266,0.9795237330727873,1.0091537676185447,1.1072292543900897,0.9881464705559704,0.9569926308165646,1.9344148934705163,1.3922915079301337,2.19545497238317,237.62834319422495,0.16341809685415942,2961.156021550264,24.37836619765175,269.29010538288077,0.7992327887125475,27.515781130358164,2.062490372734616,16.738151621670244,858.3602989388196,1270.182507615268,4.966985067325688,307.00913683271085,2.956244040999991,
76,ok,85.1343035500713,359.3110780218877,14.31284747429461,0.9747507449275423,0.9986177413310954,0.9974875177558834,0.9549887639863536,1.0777472476691792,1.4148531261515036,1.33487808168705,4.578608659858936,261.3054065601692,0.12658757336835771,3049.5247803289917,24.80689095617977,271.601136030462,0.8082237880760235,27.70953034749835,2.050938699445131,18.191952281860107,1840.8669567717272,893.7703269705788,4.650344163145808,321.43807395607325,2.6465688299999783,
77,ok,84.8504844705625,0.8542950810927145,14.404724893336052,0.9821362907976137,0.9940629960367255,0.8763909130214964,0.9206914900090493,0.9990111503084228,1.555295424366013,1.2091425857907951,3.7043498892204134,292.3192033811212,0.07053796845026729,3180.7082938071762,25.45693180945865,274.65285699422725,0.817026918426312,27.82090556232433,2.0597427035231792,17.427585529265723,1033.0386395239134,261.63786360807006,4.858379688372098,319.8192700089432,3.0287914139998975,
78,ok,85.11070457462311,0.35222353431961984,14.559530029788185,0.9827393582359837,1.0079950423685562,0.9011175696875101,1.0304494031439326,1.1492593977932573,1.6200950861359273,1.53733393709091,0.34752154806643515,310.9573346848823,0.17060466852509937,3153.4640915972177,25.39322613547724,271.5042514636779,0.8062181292415014,27.485922566156297,2.0743917524456776,15.86119775911926,144.09768695221285,523.4086508067702,4.557124582267384,335.0094342034563,3.1006872799998746,
79,ok,84.9789687360185,359.1691066249486,14.435839445158061,1.014179356346015,0.9797253576720036,1.0564870663187778,0.99880730241688,0.9997310933079518,1.2682816734874343,1.5511931896460291,2.531675141167687,249.93536086552342,0.06541410135510518,3164.94596026414,25.074861862227934,281.6186675765329,0.8362690492392998,28.516606391440565,2.062705559069696,16.378822953273648,710.3141423279038,905.3613858095486,4.863977777372277,323.346732081591,2.6041867680000905,
80,ok,85.2148480639696,0.35954717266534053,14.38331552764167,1.0227651746646635,1.0286066729608856,1.1408364259566262,1.0496242520556986,1.0684978457564545,1.6385741226202344,1.0561864181947005,5.038721668394759,225.5243377824405,0.21030179688891978,3125.5346728175814,24.87325326747579,280.72607410747463,0.83574106106437,27.902663719160735,2.057698556405042,20.196173747800657,2356.4400702976804,2917.2848229864503,4.654944169637026,331.11370079093916,2.768004301000019,
81,ok,84.98020681346826,0.06524281511230187,14.458238754475017,0.9933056630726743,0.9995838994714832,0.9647507043699176,1.078116128089418,0.9942902444508576,1.3336098572660608,1.4141575597994454,0.8324377976695977,279.9205521026771,0.13600505406523816,3155.9657585785812,25.254941410137697,275.63436237111273,0.8185216653524346,27.852221715362344,2.064832716159307,15.509430899790294,363.91292080213657,585.0503477728488,4.881931886135087,328.14757845573627,2.847783642999957,
82,ok,84.8594020416381,359.2128908298533,14.348310142163669,1.0359590019726823,0.9855565315014917,1.0184493330053406,0.9468751558099167,1.0850437031697635,1.440500656180443,1.4266959704503588,6.173035670850017,278.8848592541036,0.14383529299112047,3248.8236384475463,25.321290891521166,289.30956452906827,0.8640936760135407,28.80708489618959,2.054346643144877,20.155880120023593,2870.651402375338,214.37299821373855,4.620981079662392,332.43972955159325,3.258166613999947,
83,ok,84.12736507198679,359.87387460375686,14.47068761172994,0.980949086280455,1.0161470366492975,0.9030339230830947,0.8931705162484788,0.9392757342873617,1.3633876552416908,1.3781225476814558,3.5490544281755847,302.51145675855497,0.14692099882207735,3105.268690054909,25.168892223104066,271.8703745117879,0.8100271968660333,27.416684469772836,2.0660128345105475,18.29031017452595,1272.499821553597,-55.308121537381176,5.013176574105408,308.1238623374292,3.0027733250001347,
84,ok,84.18239594705635,1.3041339872794722,14.456997089307208,0.9783590141403508,0.9832072207588065,1.0911066230753463,0.9493389747628473,0.8864677360489739,2.341940046227495,1.0840503831188664,5.297311249397478,267.18394934610643,0.0943237585455626,2934.3229931042365,24.22772347628607,269.85349218339206,0.8032116110411709,27.876582782681275,2.0647149277739953,18.318257521766373,1678.468945897207,791.7480234867523,5.1576430651764795,297.2056867500336,2.882307689000072,
85,ok,84.80740008575464,1.1771518354203023,14.409901590209424,0.9787745425958763,1.0257504158392907,0.8957427587691846,0.989990098976549,1.052348792732683,2.0235773578850296,1.6234457554748887,5.623857968784232,276.6016953979559,0.1640883294202819,3111.8793721658785,25.205057928454114,271.44974124644364,0.8106628462287495,27.275892559069003,2.0602363008724396,19.865664282958733,2772.7056499353166,357.7974359538814,4.70235441875774,323.8603113928612,2.953972627999974,
86,ok,84.67560652768118,359.0928969328851,14.375010332503521,1.0248222290186684,0.9805929689883062,1.0703879649640025,0.982741393887453,1.2560657453578474,0.9871960019529429,2.166427040897089,1.1716075306116676,285.9481162419048,0.09288837914636554,3196.1236221160557,25.13139617911112,285.5156868257945,0.8480830958443698,28.6945071622115,2.0569043819674944,16.218219286591662,414.4740052993391,556.8668336338185,4.3308629704400206,342.2249141860328,2.712982296000064,
87,ok,84.30054206287551,2.366661088719005,14.497532940992386,1.0096297154522564,0.9931300603396733,1.0659949436693612,1.1607651579090916,1.0086022189258737,1.3461194483646612,1.5975620068239778,2.4639501353352995,302.4789660665107,0.1493148090607883,3088.554259661399,24.799885648144343,278.5776183538095,0.828667806623373,28.183156937370462,2.068552631136358,15.641505667743495,1038.3510786798756,59.692625911063985,4.848296050090388,329.7612816902502,2.908816712000089,
88,ok,85.20825179960408,0.20405807852107863,14.570020910858837,1.025808686524149,1.0324617560538516,0.8637872575565684,1.0594316981434218,1.105641572933097,1.5831196784371229,1.2059772489945337,3.8862184370425545,195.220351474866,0.08513036723164977,3428.1294285550343,26.396484273108634,283.3733939775501,0.8413708098320463,27.752610316513987,2.0753762063068453,16.62746988988075,368.7517770155141,2030.1823530814293,4.642475780615679,350.5012960266368,3.027177873000028,
89,ok,85.085589560698,359.9555503817987,14.487014859539348,0.9941438979690875,0.9988521598650347,1.0531146437558436,0.9344922639388571,0.9318080323114233,1.6636776832681064,1.7517757809202739,3.1327053764785755,249.1747393515323,0.12982005725924375,3068.9564359748424,24.81170594507068,273.9774026786205,0.8138894561978025,27.867163667340545,2.067558355096106,17.51121462252119,1142.125975095172,1059.4882779105105,5.040760737927118,306.5066792163929,2.632675192000079,
90,ok,84.98632672051373,359.6989505099692,14.331586788504875,0.991232885795044,0.9852593161559485,0.974108600035822,0.939131617025923,0.8997207215760551,1.2774972428057265,2.4308561282106202,2.9236685272223775,285.7941842524745,0.14778586929680004,3143.6343737471516,25.132699217412558,277.4208678581941,0.8250935564817268,28.139332781395666,2.0527410771474,17.407479095221397,1225.1116019356116,295.3540855961959,5.101612377203945,309.3053940732337,2.753458317999957,
91,ok,84.86289986088296,0.45463273966409234,14.475401396753083,1.0498836793704793,0.984509643444449,1.055256220274763,1.1265024586477366,1.0413798139564443,1.204821775673668,1.8210110267421786,3.03300935714621,250.07303189745403,0.14816316142689515,3309.6017727295184,25.539800813639683,291.15977745552095,0.8651526598137417,28.91975199682218,2.0664592995406577,16.2013823038232,1452.7717121409958,1198.779340393484,4.764533012722154,343.3579056209229,2.8214868380000553,
92,ok,84.87743841465722,0.9355165651273211,14.356087233075128,1.010494878546889,0.9966377185489763,1.0840940304379225,1.066598137562005,0.9240869776614256,1.40051000875934,1.2097325100181733,7.168567544243247,270.68027168133926,0.19400776294816865,3049.015325326485,24.54068559773016,279.72183810838095,0.8385675324262319,28.245446344356502,2.0550923675998463,22.955814837206514,4180.6129255537235,567.8018080552096,4.966890053607591,316.86395897482475,2.6892294640001637,
93,ok,85.39440483239156,358.6164130674146,14.429710875970715,0.9913878686707293,1.010519170949869,0.997910606996309,0.9613394989412241,1.129297950492619,1.4763809532480985,1.155501126622713,3.539460784809005,299.7824904079572,0.1938802039045604,3081.963570990917,24.912621578819042,274.26314747809886,0.8175226019154059,27.69086241120508,2.062122713175697,18.35765234314955,1788.7997694941444,-450.9222184858741,4.558142246687411,327.01501537655605,2.599408872999902,
94,ok,84.05822261369704,359.9647107969335,14.404289933652924,1.0034624141895945,1.0122763942241118,1.069563872405778,1.1463290213486648,0.9247574954293414,1.5890462834703099,1.11631019229477,0.23344668342252484,249.44380202478175,0.1784857891710347,3096.2416138897547,24.87834934105648,277.2923696675752,0.823339134835001,27.874775284060465,2.059701218323104,14.94781701186716,119.49957555228129,790.800732491944,5.053279004642774,324.1019443151345,2.896938665999869,
95,ok,84.9991660108797,0.1669658661064903,14.374830726545897,0.9710866151675211,1.0434203907808524,0.9754562686116268,1.0577323657351523,0.9501453591841988,1.958207956874295,1.4402832683557465,6.57408853309497,285.26938253349897,0.14799784552537443,2974.386427399535,24.59578498960031,267.50252891997354,0.8007340007297085,26.920970866357376,2.0568871999280818,20.05979241326364,2794.9044573450215,-144.6575279785388,4.936816012720572,313.0220241163214,2.8830317070001,
96,ok,84.7943613582861,356.64479872533286,14.40904883546337,0.9791068414724668,1.0100624733216907,0.9513883490356907,1.029909517669861,0.9223244559267241,1.5667870830219894,1.4792015981393312,5.363175930178569,256.87524068189504,0.130965723868865,3085.3310740168945,25.02515487242861,271.5055957306803,0.8087509003364622,27.524664159787505,2.060155008723576,18.457104145777173,2092.786295984402,1159.1044283866725,5.037054442815187,315.28269050638335,2.638510410000208,
97,ok,83.71812940123901,359.6480660237253,14.425823496253685,0.9936627153371866,0.9985199679547019,0.9840542067271211,0.9416862239884534,0.8794478161935902,1.631358371582591,2.1120967015942997,5.976335463248413,237.9210579885131,0.16777257618829797,3124.0969096834797,25.082738862642653,275.5024123624792,0.8203285606432793,27.908315469727203,2.0617528229565485,20.764907767119492,2401.7309606458866,2319.640178407333,5.140699036559701,306.2009495611369,2.7065996700000596,
98,ok,85.36181375542576,359.871123342875,14.398553023873434,1.0352463657858657,0.9780318811064078,0.9191368234698825,0.9891301328213022,1.1176774701726164,1.660331900452313,1.9671812462499987,10.699286569121924,235.69190113768008,0.12982477285565044,3339.1540616050197,25.778157198572888,289.3058358256452,0.8680304377117928,28.874812379101186,2.0591538763741926,24.934130046838888,3996.7144760347237,3350.9656899233037,4.510686670752201,341.5897862518023,2.971523055000034,
99,ok,85.023029274886,359.09986864919273,14.42917179939408,0.9889323230119141,1.01367326261351,1.0632834838166103,0.864206080297008,0.9363299943324341,1.3083823504316914,1.1279252414459502,2.9178802592854005,198.30596464587666,0.13098623305122667,3065.224710976357,24.80149269937035,272.4460881169564,0.8083593114596022,27.6065627940611,2.0620714279378327,18.003874782067125,341.5698008725169,1700.6265984922254,5.019558078641143,303.5681742617564,2.4407443580000745,
100,ok,85.71193014930691,359.9014684456764,14.474578269893179,1.026017467081764,1.0161768554318125,1.0047157325782075,1.074033592904849,0.9277204143025066,1.5151671142203238,1.3063143288829762,5.16284763258049,275.0059435981644,0.09839158039599943,3232.769784203796,25.42166129897028,283.2831579927571,0.8439459480147166,28.075351013583628,2.0663813526683046,17.415207010840312,1870.8705886959965,396.4117901295249,5.045003019049066,327.28267544034094,2.739095718000044,
101,ok,85.9087447314086,1.5025392897876848,14.489168551814538,1.0065525350569722,1.014765763945109,0.965079683089604,1.1649967877517888,0.831734445511554,1.3962275297731028,2.3990450454834913,1.9212367159456996,259.76044534862837,0.21596160140561918,3219.9343664568005,25.497042829697058,278.23615613583524,0.8266868628513727,27.79444168178597,2.0677620303489905,15.6827025118499,1264.7722346426,764.1973145205086,5.3372201044723635,322.4666081273686,2.9074639699999807,
102,ok,85.48093019311062,0.7453878117871319,14.311004586222232,1.039100290254398,0.9995101639631598,1.0359022758481762,0.9230843522356832,1.1097109366443085,1.4332305958851563,1.41117160653542,1.2157827420716973,272.01384635404656,0.12957398182872804,3318.6256609833085,25.618844449466813,290.280446379405,0.8623563543348768,28.66336158593652,2.0507612607869166,16.74019775765008,543.0206403135388,588.1649931643357,4.596820329034215,336.61659859885987,2.9592728420000185,
103,ok,84.77670250401572,359.20483051513065,14.440704357991974,1.005772486463411,0.9847736845190141,0.9906790458198911,0.9862899959062158,1.0321109909035526,1.8160890956990032,1.5405680970665414,5.6679411427078765,334.61854299765463,0.10998926092314729,3094.879449218314,24.854395894574818,279.6470971879937,0.8358775058739863,28.282898649388166,2.0631679687720763,18.58788170154264,911.8471948725125,-1284.1272827756814,4.770813212217697,320.8374163340325,2.9401158769999256,
104,ok,84.4554292091447,1.4623188024348468,14.40307287880558,0.9555850091434342,1.0123202771474689,1.0297105228925636,1.0725594229031183,0.9189888677797029,1.4321830085298566,1.276883345280416,6.7727726098003025,195.71768052478515,0.14723356903990192,2946.6394354696267,24.471019050161917,262.9657010996812,0.7819924033109547,27.13107367868685,2.0595851293749994,20.204176762568775,810.9295113636717,3509.0296438283126,5.023648542360585,309.469416003799,2.7360458799998923,
105,ok,85.48550797446619,359.61101497109286,14.354370884870036,1.0184281101675112,1.0175802565702492,1.0254077894389004,0.9950996683735112,0.9920329833852738,2.0898706189843166,1.3095098965583716,5.762509099044744,231.58323763980283,0.15648431688157582,3223.9920447602844,25.371166498006726,282.3173227156079,0.8407784458191647,28.04459351762864,2.0549278424879245,19.74376321693129,2189.9267149959533,2340.9500333398437,4.835327271336169,326.7770242239133,2.924338882000029,
106,ok,85.06364160436924,0.8003144998481544,14.486171089769147,0.9647978828560853,0.9863307314106488,1.091288775230771,1.006342421660872,0.9730997369190704,1.4836679650743805,1.406180091912784,2.863361802272404,295.9552171999818,0.1718825199446114,2880.9047067017805,24.06578089873704,265.42051087815605,0.7896555458237859,27.594997767712574,2.067478547433088,17.13257505609457,1259.5824794549394,-26.86185634676248,4.929510351140229,304.6621759572757,2.5205362460001197,
107,ok,85.27492382249113,0.04338606501706829,14.618384366040472,1.011424202584784,1.0263472198738843,1.0705888612909102,0.9941674413490883,0.8947776408086896,1.6064376799031972,1.6219183418414325,2.8297000758844337,272.4584406090871,0.09163712304445834,3094.2707399855003,24.919095298105816,275.4819201049426,0.8188426879121775,27.61850796518097,2.079901128350627,16.7136835829133,911.4762439899177,562.7415621543921,5.1720379494332205,308.33496840099156,2.4630530859999453,
108,ok,84.65899179006308,359.30411077703906,14.425100562131483,0.991220654418767,1.0179221372122547,0.9593672153674125,0.9449309052970779,0.9660553443895027,2.0211612042815554,1.0775863360814153,3.4040643942365714,259.8556461206668,0.12289219794494231,3147.1785258589516,25.255906838024256,274.61162620910375,0.8163279031146583,27.58394154501528,2.0616840185174543,17.48898694014353,1290.2173478260204,937.7422526604174,4.939212684241258,316.6066387950634,2.9462866440001108,
109,ok,84.55842202491189,359.2401618809604,14.535955845556732,1.0244541071582625,1.009924930822837,0.9565446894384506,1.1844266035024393,1.0059382273423025,1.2867232293274256,1.4638070506497205,3.569041855986319,271.2764948402095,0.1903227697782498,3266.375344521639,25.61579744703477,283.1120336629279,0.8428815686689529,28.100526788043126,2.0721757620705343,16.936586866284607,2219.9321917646066,663.6573338743024,4.84837093413232,342.42220687999935,2.9148103059999357,
110,ok,86.2195496185933,1.2327709347323146,14.448803599378058,0.9971166849163237,0.9942780170654675,1.0740852835762238,0.9118263379150495,0.9375399732067495,1.2584612426677995,1.2023661575977835,2.7492158133257107,240.4860707153432,0.18351569170892174,3081.6723735300684,24.80781248968224,275.2793844786353,0.8176997511257332,28.001937505417754,2.0639372940961636,17.89901509439994,1251.638916112516,1182.176129328254,5.015414364159568,307.9558603958398,2.699529155999926,
111,ok,85.10550515771493,0.917843575219223,14.491747556588495,0.9744549021346617,1.0029148442458653,0.9478755069941243,0.9477700370450708,0.9650528835896603,2.2766066597523493,1.6513750696390443,7.193180209254497,279.9737808626911,0.09545351761427129,3011.9037719127255,24.7311238122981,269.0586487375382,0.8038505274025396,27.50643350499088,2.068005868992167,19.815679477568377,2308.8768803267512,215.13607733604334,4.937714706756853,307.02434066418124,2.716466927000056,
112,ok,85.1261076333191,0.017635740592477748,14.439718398247933,0.9979095196724015,1.0187908150109624,1.032634583139105,1.058079930342418,1.0067880123497592,1.8304325823051155,1.3212474172444848,2.5346576822718014,247.07829155669623,0.1516090596468478,3116.25340830036,25.03735821441931,275.19900624328153,0.8174143341800348,27.643173050275806,2.063074271831829,16.34425498729188,1100.7447891530976,1093.6071153154326,4.842393515887012,325.1039823246642,2.958094338000137,
113,ok,85.392475801171,359.88545557635075,14.418257255853687,0.9766183492839277,1.0188485225909287,1.0005607371268717,0.9961183990214585,1.0027337919580948,1.8265926752941213,1.5503195328229369,5.218717772802122,304.7169403667545,0.10451668906173778,2994.2075923157445,24.61246389435326,269.5403029431905,0.8041759868215058,27.346746786153307,2.061032463771153,18.05984776038162,1513.8454441048907,-478.68381853407925,4.840433715747254,313.5988265558999,2.880856917999836,
114,ok,85.29456884097736,0.10280307042638988,14.35494134569613,0.9903911935134332,0.9788577223253245,0.9105957686125927,0.8971919525809947,0.8565957924016389,1.2474934640627384,1.1488766895994131,4.553221065505064,252.9637867168155,0.10707922242580925,3218.1326160240874,25.504550630344866,277.9225704532059,0.8264052803761114,28.208900829135775,2.054982528723537,18.388735464296367,1520.7587005364555,1090.9004873732974,5.229315610603956,309.2409339091222,2.988649945999896,
115,ok,84.93768250404574,358.1409205939916,14.373534197023217,1.0087340403147322,0.9993728119058964,0.9926543746349774,0.9244748381618471,1.0314758671497375,1.6919238080356351,1.558222119695239,5.349749945907796,291.39049048611577,0.11636336546445541,3156.0810687895514,25.114977965853047,280.8077551624698,0.8377420653322093,28.153704434137104,2.0567631578360315,18.891056028938632,1906.0807490784052,-104.10924551597809,4.760864743486931,320.54904439067934,2.7643301969999357,
116,ok,85.28340521508149,0.8702721974374525,14.61133007799904,1.0437507289898649,0.9786869806881072,1.1011284269800117,0.9914842016586387,0.9222919469409702,1.482703294198938,1.0939147384793895,3.401588397602252,279.2356057082379,0.16474164900920052,3193.977999446046,25.071917370311247,286.7412297711421,0.853227998794425,28.814670343447414,2.07924249778925,17.662547886319402,1687.6458480794615,328.98199152184185,5.082096810772223,317.56335861991005,2.7653585160001057,
117,ok,85.11256462756636,358.09203703558063,14.358279650713758,0.9867364462810351,1.0062179576906505,1.033918268392865,0.9996459529002936,1.0715841601108842,1.7229810682506013,1.9188332817446359,2.653941417144487,314.47483250548254,0.1076188862231075,3049.4273853155187,24.747403682363437,273.77886366061466,0.814454713213076,27.738280048686732,2.0553024856760094,16.539376917553927,685.7597369480983,-81.34609298209635,4.682809847620988,322.0680295892927,2.6261061999998674,
118,ok,84.7570212342763,359.3129472347733,14.491957047406816,0.9826566480008437,1.0145412470786457,0.9690314526211838,0.842662767797045,0.8967443626401286,1.8072439489231567,1.2521096196055224,2.2385983048639013,275.08101366041217,0.13336655882860052,3084.6694538605725,25.03209461052571,271.1327253490068,0.8056882674348828,27.438918226773723,2.068025673040321,17.948871932741135,834.7282174361626,608.4058014466201,5.142957415037378,299.0508302106347,2.5867235400000936,
119,ok,85.11800761350956,1.554227511477656,14.394838284776734,1.006194084941148,0.9881858132545908,1.0972093141881716,1.1175658227852916,1.0374843284895838,1.3812193870512728,1.3227757750088454,3.711419138050263,220.2397927997692,0.19188782349043731,3109.366970365698,24.83746773202188,278.6581637755319,0.8275215999357881,28.26940433175965,2.0587992931912225,17.44818905619833,1460.7377524270573,2320.593623178726,4.748987914450257,331.6162701482373,2.917762025000002,
120,ok,85.24595716027831,0.09815740370642613,14.447234422529025,1.0184353085762552,1.0116635642208256,1.049857146913067,0.9484634653688662,1.0704516975643856,1.7194548605924882,1.6034710743224796,3.4375202811153076,260.5715156919343,0.16412772976812431,3176.8660288232204,25.17262886709929,281.11224901912976,0.8360629637370451,28.076606709336072,2.0637882916369854,17.93314915214776,1703.9357669035787,902.1519066371353,4.6900332920362,325.40178930514094,2.816027781999992,
121,ok,84.97995571398688,359.2830830749132,14.329224812327919,1.0169169088324321,0.9888757759805105,1.0419248926055786,1.0292997390507197,0.9358924432821677,2.015770558937803,1.3693976271676616,3.8108616633712047,353.5596802733945,0.0913198036156566,3152.6824057828376,24.992702065703664,283.8346545886403,0.8457678680558475,28.48592470614202,2.05251408865171,16.733809024891304,140.5092726833161,-664.4391780401529,5.0037441234802555,320.8277367813656,2.876113097999905,
122,ok,85.44406057232814,356.9863916061988,14.33325990528164,0.9865680809996428,0.9909346100741029,0.8546687438252492,1.175647491001473,0.9526911172138526,1.3923271517224092,1.1071732306143374,1.1174910529785422,276.5593668072763,0.15152397040412743,3275.1946149817536,25.831755664013347,277.6508978462902,0.8246043562626001,27.977723184157828,2.0529018323383488,14.876887599954502,528.2879984151045,547.0849888817851,4.9651291175560806,340.9730203914096,3.256430659999978,
123,ok,84.76859173560412,358.27936665025607,14.273044744802341,1.0199130256122193,1.0162270089137246,0.9515910870530387,1.0276253292014172,0.9321376561105077,1.2665594106504108,1.798898595866365,4.669210799305075,208.41788220249782,0.14814663096355668,3350.077716741808,25.916851100965193,285.5498501506075,0.8482922407742852,28.1369723955331,2.0470989174253673,18.11416617449764,1036.9421670048982,2676.326304502265,4.988479765188681,332.32237065006933,2.748494550000032,
124,ok,85.16158244101163,359.9536750673328,14.48712791264698,1.0201503058551709,1.0146949467252318,0.9782502497249945,0.8849085997392766,1.2198661142287466,1.5998295585632047,1.0685244367355988,1.606406775642027,238.38278170977728,0.18349186596372946,3269.5629576041297,25.630836419263865,282.14045696194455,0.8377608502812026,28.000286009442313,2.0675690476651174,17.441723440645276,780.8722673617482,1139.123047596249,4.408900421593904,337.69731248605575,2.8035281750001104,
125,ok,83.95733457598332,0.13158512901502764,14.459024281788665,1.0009425999217174,1.0014420427652253,1.0159345063310377,1.0427039140705787,0.861890268439134,1.2970682856348645,1.0084924409952292,2.8793903252782043,288.9844521945987,0.0954417066808387,3105.5347693241847,24.95993798323043,277.00588920421495,0.8237258699965037,27.954817176469444,2.06490722615621,16.300434756054965,926.9009082215931,441.06411214728263,5.24064446924878,312.79309514933317,2.8194422569999915,
126,ok,85.2134404145929,1.0330228801139676,14.432712862754595,1.0249730691981924,0.9833891427050828,0.8664624357383319,1.021033568766846,1.0717628873205955,1.384444057519928,1.320062738913851,5.610796462013814,286.59738033907115,0.17777773950465964,3360.378896571693,25.986056982321436,287.3619960932974,0.8586816786520839,28.623960450572994,2.0624082568033884,20.098707023125176,3146.6731081828766,-287.97006236927257,4.657712483450243,343.27603347816006,3.211562178000122,
127,ok,85.46484705144351,0.8877173516235313,14.225986683670396,0.9781319239323407,1.0018820544451605,1.1177863430652353,1.1099406188925616,0.9920863951144528,1.4348132773321187,1.2972635274342854,4.743946027389252,272.5539539797984,0.17210986477472712,2954.0422380930977,24.253285848522697,271.86283306750306,0.8103307444221858,27.762987391962273,2.0425389447858056,18.202181288214422,2486.459066261587,427.69260518832357,4.820147720447004,319.9656084685651,2.9797839210000348,
128,ok,84.87438910121209,359.9265865320235,14.445394336078955,1.0080892136765383,1.0334375924568246,1.067885575327666,1.0506160003208085,1.1212334894380704,1.544330453094044,1.3055873393982689,5.056780789223106,223.4499365811966,0.13373443357204362,3128.621499823684,25.04164108741585,276.56649190359065,0.8221806334577676,27.59466146392223,2.0636135344626445,18.114415915690934,1544.9650124692641,2292.5158470265346,4.5750319366253605,334.20599230593245,2.8649930200001563,
129,ok,84.9938814482809,359.6951640728744,14.44432662296201,0.9761539308163225,1.0132491404541382,1.0917739070641348,0.98162252383779,0.938451549479931,2.314117470057207,1.6292067851115473,2.4786161058446443,263.6861514002124,0.15804682038351298,2954.2505723305017,24.383666373454602,268.10842370934057,0.7965832472372821,27.402683363178436,2.0635121163453083,16.926540496040644,1092.2599896983947,741.7103510453476,5.016523299054293,303.6535760693882,2.816802091999989,
130,ok,85.02460543911877,0.22454312286657668,14.435552257877905,1.0291668864208185,1.0114385713364946,1.1058631003145636,0.9538419501667245,1.0163265300736377,1.3877593267773618,1.4881565181067982,7.375422424268165,305.8674339368724,0.14163670582046317,3055.9886173614223,24.523318129495006,283.0358969850606,0.8491557466435756,28.217567354653678,2.0626782547830755,21.463112093279463,2632.801098932039,-1300.2276167988655,4.776565226577449,315.6628430997707,2.648957544000041,
131,ok,84.7980652126253,358.198124664108,14.393712963218263,1.0000901333212315,1.0182813479943358,0.9925335897469973,1.0938409173909305,0.9932566177516289,0.9751319481315013,1.4302553213528104,1.4169331481935257,276.866808652605,0.1579923136665883,3163.5412391530463,25.24744072569021,277.3130367862555,0.8238937671546919,27.71989894250205,2.0586918513222763,15.553153176889863,686.0227871967646,580.6480432470195,4.87197968600541,330.54491533211774,2.8011441450000802,
132,ok,86.37686108330495,358.16281248141826,14.33035534335646,0.9810986178222696,1.0216079493603545,1.0487320931744057,0.9853580926099739,1.0078250234267607,2.2164973895002396,1.8784534663378611,4.887429939565462,278.998130972815,0.1753351742805187,3010.1465894164694,24.600154511410132,271.17969950530215,0.8091092715550262,27.442738730238805,2.0526227407604436,19.2861202589007,2430.149754835035,66.52841005827467,4.796696734298893,313.6900267436003,2.61093992300016,
133,ok,85.40898021709592,359.00375493124716,14.45479148643344,1.0191790747039302,1.0233731163583741,1.0260330203887473,1.032626981594369,1.094227666721643,1.7646169706298864,1.6539349029238326,3.05219927470613,18.16196212552297,0.13689472146534729,3171.5831952276967,25.17977239861893,281.11088212734535,0.8374404322572536,27.87786263884558,2.0645056604917573,16.73677430161529,-438.53002729657163,-719.075481921416,4.645671209937375,332.85695518526404,2.7058921489999648,
134,ok,85.72544655111511,358.562626632456,14.377229366537767,1.0152975972430713,0.9839210614570806,0.9585289096169136,0.888711527194876,1.0225369153454513,1.574737751480528,1.1357891601954444,2.359046821116628,242.97311027118832,0.15741667795755943,3295.0044337047766,25.6820102355977,284.16149583280077,0.8439723496787962,28.49154347555594,2.057116640328215,17.611460694697357,1001.8949731884079,1100.2661047047902,4.794928201101323,325.7313227862589,2.631712894999964,
135,ok,84.75663819857074,358.1521559915325,14.468491787424444,1.0200688004275176,1.0050283769051265,1.0476560747714274,0.9845537040776657,1.020124194724704,1.5633756877163454,1.6653203876158997,3.1407396237367617,289.13589344315653,0.1489668695099948,3160.0771320734616,25.084098330828088,281.70897590236524,0.8384366076508947,28.17440695392767,2.0658047845840333,17.269680977571298,1358.581349672318,191.9336526506323,4.812202417949051,323.1971936369591,2.677242707000005,
136,ok,84.70213898211699,359.5666186785472,14.370632808343952,0.9869658357257344,0.9954126060049998,1.0238591192856852,0.9661632069583117,1.0743073674239307,2.0443533287902156,1.9738190343984017,1.0127447109074414,319.13376374032555,0.06258352443650415,3073.861790747439,24.850810367496177,274.417092174821,0.8151011273400854,27.89720884977308,2.056485515567775,16.312284229304055,188.07637595248613,452.6883370893627,4.682660094747687,320.59887824281077,2.8438228009999875,
137,ok,84.98441567382368,358.7704141069918,14.350611542957811,1.0176162194210618,0.9972737297031401,1.1869484608379692,1.0325597247776235,0.9355169221675494,2.010620494879154,1.6373973158938013,1.7708836168546205,235.92804152211727,0.1509893125000526,3070.2969265532333,24.561631924740727,281.0239189623967,0.8342987017525035,28.363003849470825,2.0545673800227138,16.09014852871082,658.1764481427643,1078.7624987114132,5.011594695346599,314.5913316072397,2.8673006129999976,
138,ok,85.17475592214986,358.3416905796043,14.388338592706898,1.0023380529149328,1.0133713686864287,1.2961645476826082,0.9497157127261464,0.9090510974472552,1.8228471680345222,1.0138244881384102,5.214430890705468,249.65237201071955,0.17393971426287444,2881.924858501395,23.772839817223637,273.1112920492326,0.813725542537124,27.828200670582078,2.058178554739371,19.925746393265722,2322.0493044809964,1430.3929815435506,5.057745359056384,297.109982349051,2.601168074000043,
139,ok,84.70814779412495,1.525113015019685,14.441519023843671,0.9903201197544779,0.9868064254809567,0.9874084017463938,0.9210527352105161,1.1466534663264714,1.349057811861623,1.6617903749012073,4.0017849024132985,233.32165994881012,0.12726654536957088,3131.438541151346,25.112614089679916,275.05222004945324,0.8168412940600008,28.049271582270887,2.063245380361563,18.12137611056665,1351.7347363066829,1680.0198166065952,4.532462987113575,326.63002531713795,2.6864293559999624,
140,ok,84.9869425517153,1.676123673309163,14.251060422147969,1.03364835596042,0.9605947651454149,1.0056842356831581,1.0240856409779675,0.9757057430026276,2.7789345930863645,1.8837269526641451,3.2792999142337433,296.2731121525323,0.08646314121561027,3311.198059652574,25.543483575204736,292.02424106555793,0.8685884124153466,29.260169750946503,2.044971356576687,16.444426404530194,1042.929495887263,172.4554754163391,4.889300695000633,331.7630433002026,2.9855082239998865,
141,ok,84.73363577070545,0.2935599093823323,14.465039483591523,1.0053119327633837,0.9900845282681733,1.0940167137393728,1.0324250437750695,0.9424616798733598,1.6244499959920127,1.5603521630147186,6.406025295554318,277.5150876052503,0.07869194137970892,3027.8240433942156,24.51557216967888,277.14884339393245,0.8264227855968904,28.186856834396778,2.065477591954353,18.20642131435864,1994.860073162486,379.05902349828943,5.003121379765704,312.57179341770427,2.6950120750000224,
142,ok,85.09297939144598,359.6362871964672,14.458000443342033,1.0080205289336608,1.0017001727221995,1.0259720897419813,1.04983719084374,0.9518210430124479,1.5844651876612326,1.3555133305042832,2.4490840174865944,256.2606565616022,0.10120890613094595,3162.1198984293387,25.164571065886513,278.86129999530266,0.8283134177354082,28.05245830098049,2.0648101103443,16.105287139703943,857.4747789126521,845.1618308270271,4.9871207177101455,322.8922762010228,2.6821446970000125,
143,ok,84.93361033375007,1.2146352713491644,14.328426156632688,0.9976525012836537,0.9896059499047437,0.9848953655353543,0.9950788040993166,0.9481144343748013,1.6178965418736606,2.143271266112166,1.0409756418370888,330.52317800256174,0.14803049232437168,3170.2861705574105,25.218352780822425,279.11738668785915,0.8293834783590058,28.18738189561591,2.052437324562847,16.120227118839296,247.16919091606724,244.86602364248625,4.9764194784620015,319.02003740812313,2.5767071369998575,
144,ok,85.55715446009948,359.54299336792496,14.500456157107065,1.0089267829035216,1.0240290910006986,0.9169267262321564,0.9465451642056735,0.913246750981605,1.6469569187264237,0.7646710726209736,6.870318893690254,227.66553853392176,0.12083905148115326,3265.6713197532918,25.740315159815943,278.5426208974748,0.8300173086664772,27.70954205162752,2.0688287750145826,20.26137819945781,1963.3721095712704,2398.9179304957215,5.069892435985776,319.5116916646083,2.6807927870002004,
145,ok,85.72873991676875,358.90449065526695,14.430849035969294,1.0265793159956362,1.0083949309760671,1.1032855563922546,0.960986689397542,0.9326165662503401,1.0090806608773402,1.5611766967184657,3.071543780000099,336.7467072787284,0.1552702696562071,3133.9429649442686,24.88884508983797,283.0797934685937,0.843328498045486,28.233490319302803,2.0622309831868475,17.446184257667138,558.2822427790543,-788.959382066306,5.026168126716653,313.89976978711263,2.571072840999932,
146,ok,85.30351150896003,0.3548328948680522,14.298700860525413,0.9999090363796256,0.9776168488447994,1.0132466260360438,0.9350585262674997,0.9207578091227827,1.0841431232746481,1.0958410762288868,4.536172528482627,246.8917823518048,0.15761530270826182,3164.653957832824,25.127164041131866,280.0617831126938,0.8330254482084074,28.419440202010854,2.0495757639470553,18.85229840069573,1974.3207255630834,1443.298772946593,5.022877037703752,315.0838207180362,2.9717431409999335,
147,ok,84.90364199875754,359.7291833029138,14.448332393538601,0.981093390835552,0.9714173308664388,1.0589141152709005,1.081056535020097,0.9733540819757603,1.5523366294820349,1.6346770403927071,4.444326927017186,232.13235244484963,0.1489886379051008,3017.8221426867817,24.582521169755655,271.79886522623536,0.8074939117940396,28.112545420358458,2.06389255286027,17.65160909599867,1602.36728281274,1877.6633597731284,4.9129126591072625,317.3855384679275,2.852399804000015,
148,ok,84.45008827991076,1.1199158023284703,14.431484921685133,0.9936197538789471,0.9917441125992759,1.025344311090668,1.1516474133718464,1.0075954791030857,1.8682413756438785,1.7426642993566817,5.853058357923264,320.7005514759742,0.15103863687387561,2994.8914779405345,24.45238740768012,275.2246548815411,0.8240626577096535,27.996132362106618,2.06229146777764,18.799837614201003,1782.79389437009,-1492.5380480301935,4.811938580242074,323.5053089478812,2.7487326999998913,
149,ok,85.23842632823178,359.96638618079527,14.306840910517584,1.0429824458536643,1.0114295946905094,1.0160843825027581,0.9690096000341385,1.0232707055870272,1.9816960324871191,1.551365858526618,3.7603911438528894,283.3446873118904,0.12197635247068282,3330.0242605999097,25.6796143337414,291.10393096810816,0.8666079266257904,28.537991010224932,2.050360246654555,17.43986657093501,1531.033184932884,280.7327048524177,4.77755083111364,333.4475960651448,2.734642957999995,
150,ok,85.29548159424955,0.3775978188578693,14.35010312206032,0.9966139959359068,0.9960285349573258,1.0501220325015155,1.0603365468368515,0.936214376323009,1.6863845740797796,1.284015523830595,3.7559888921026756,265.5374286437353,0.22561536749757063,3088.1614928896547,24.827243250476723,276.8446298930549,0.8244505128255344,28.039752999855228,2.054518619734856,18.576462542118243,2553.775206164032,788.8038564129708,4.984694632780944,319.2238929042776,2.7059879469998123,
151,ok,85.23854313009154,359.91905437149893,14.395835001591983,0.9941262138214543,0.9732710746436314,0.8328131247464525,0.9273987337370813,0.9616852274001789,1.1512797921773017,1.6995262953052857,2.8663290967276898,278.4242671568583,0.18779814635918018,3309.5363182984042,25.939632692135685,280.02571515646065,0.8328412491997993,28.326057544595443,2.0588944460283725,17.876515562041096,1602.1025073870417,410.57224939090156,4.941454864075757,324.1269939896213,2.713634951000131,
152,ok,84.71320639952641,359.68933219732656,14.530450323504086,1.0384516366922634,0.9898522762572545,0.8352026183610676,0.8679942080927845,1.1571372984698756,1.3722414073041473,1.0916661555486482,3.5243730404245563,307.35389630747295,0.13254085557177372,3462.013107838002,26.42918595559014,290.3862803256348,0.8649829970927997,28.623603895152627,2.0716574774562546,18.38467936636589,1259.9860747325458,-216.43468651590575,4.527326991381036,342.56628991409724,3.035815244000105,
153,ok,84.66684109250868,359.79934792785855,14.361169452393556,1.031360332500359,0.9711909889714343,0.9451463475510631,1.012232005138997,1.0128215633470181,2.0043972909586554,1.5265446246197165,2.2300044535608308,297.94424659842207,0.1117744107797216,3353.543337890815,25.837139348012798,290.13943942283834,0.8625847478165979,28.95338289530257,2.0555793681687216,16.293766465908092,793.3712185944622,304.91884710164896,4.81841935752859,336.89412139397655,2.8041366340000877,
154,ok,85.4647012916575,358.8462171123258,14.41960414773306,0.978156752713289,0.9939429976349153,1.0278346459721084,1.1190610905486043,0.9780623012158766,2.0156213664001505,1.6291356213022403,0.751444919490991,304.3430353692303,0.13361693006381595,3034.0518705965324,24.726507985139026,271.01096949256436,0.8047921856128196,27.75239791955432,2.0611607379161185,15.189250330371275,253.30236450732562,387.87105218616426,4.915829736972772,321.14975890436716,2.839965529999972,
155,ok,84.5551234164095,0.46140448523331673,14.370916754624854,0.9923076582979949,1.0047281077435406,0.7795240045066559,1.1463068019832265,0.9616786971959768,2.047234025743063,1.915691441762205,0.7693343942603996,225.3463850066414,0.14624436135237917,3384.397282177899,26.370969701253475,279.4104446156032,0.8294042557655756,27.845361594303046,2.0565126908362945,14.994928682859705,273.6149240932193,1038.4569178884208,4.949043948648597,344.1229080737322,2.9107651120000355,
156,ok,85.7938873202394,0.7864378443428215,14.520861697280067,1.0313985652134348,0.9798841108889185,0.9738706963033225,1.0288672340957996,0.9081977325507886,1.2108394354521592,1.0333918049996647,0.9614685065482059,237.62377891233598,0.1968915920432279,3325.9460688193235,25.75771148673292,286.6690556069778,0.8510966491200711,28.683217701333895,2.0707541234865805,16.00244553123041,503.716876130316,880.9805263569599,5.118259566787269,327.94519970965183,3.0899880810000013,
157,ok,85.90813033043355,0.31607774820993756,14.438104072790196,0.984162112113875,0.9730003963501345,0.9026543001918761,1.033440026777575,1.0336151451262587,1.6677449748894926,1.2877849928125522,3.5129491233596,2.5657605638434626,0.13954128753384176,3148.9157444773023,25.248544428532494,275.2641819848509,0.8200710914607413,28.142023761327557,2.0629208402608072,17.054844831341875,-66.51545167995576,-1055.925746610937,4.774782246240861,328.33274203573495,3.062528005999866,
158,ok,86.11706283682932,359.5694742015898,14.532285146391903,1.0310553752987894,0.9939863629004626,1.0545707203209738,1.1062116513551665,0.9755323888308391,1.930079562603319,1.8616086768989988,4.753133855893424,308.17617396523013,0.13011097246105952,3177.4521904193402,25.090999186525636,284.1415670533256,0.8474112389539383,28.479589776330233,2.0718302380208935,17.464450165889996,1618.8743114508945,-779.0135951579844,4.924100526527748,327.583655631902,2.838220394000018,
159,ok,85.38658543072995,357.7048413419005,14.330019209078644,1.0129735380035134,1.008182558385459,1.0112248721490447,0.93979254694704,1.0218338105081777,1.3435205698664705,1.5496969153615066,1.348418319683514,213.0972702489535,0.15764964580951754,3237.4689595038976,25.43489657063707,282.2622808829347,0.8378615478082739,28.140268901947195,2.0525904371668373,16.684198068330648,333.24134968192897,1162.176827297002,4.79297416124671,325.91278307689686,2.6233936119999726,
160,ok,85.98541087252153,0.4582937458881239,14.44156546934677,1.0055083252805377,1.0029588876246591,0.9712309974314091,1.082502542724972,1.0353336814671141,1.423512886468676,1.3135625716920245,2.7297196117057076,273.6995282212359,0.09493010648973019,3211.8855200453545,25.427417163112867,279.1246108405853,0.829544426792071,28.028407400314958,2.0632497935364023,15.947209466899578,1004.6606170844872,462.03183693230585,4.778564472091168,335.4274171193023,2.771851405999996,
161,ok,84.64096141558122,1.0683976249730558,14.350222006760008,1.0268956036630734,1.0005316606300516,0.9229511051023138,0.8851286886890849,0.9117506250514241,1.315564687674859,1.4074079006803246,0.8532103101115621,347.3383844470087,0.1266014139436929,3367.0705259823903,25.9873627007229,287.9884189957657,0.8558782316327109,28.42250459346627,2.054530021641282,17.04093275235483,89.94096820435595,400.1996173435511,5.079130067350495,320.61513129333576,2.8165040450001015,
162,ok,85.48687847287667,358.4964845141151,14.377207638164577,1.0306033864024422,1.006425665809472,1.0089346108511041,0.9102104894338793,1.045170038322213,1.7451581129380798,1.6639799576993206,5.880373161800051,237.9486814134621,0.13685361695037584,3286.7883739458475,25.5777105930037,286.3810086337861,0.8529365665962657,28.362463156795855,2.0571145621662876,19.942113974128368,2172.3673935193224,1978.0419035255802,4.719897758431938,327.4647944183724,2.778611041999966,
163,ok,85.1183349307886,1.2473875084267656,14.305022254159883,0.9905342915725986,0.999448557758848,0.9674911859972534,1.0603779445419945,1.1010312005211649,1.4490717427694977,1.1875430471968058,6.953412647258341,272.7278166983103,0.14789967551015124,3105.2038896149843,24.976242728965452,276.50130681048444,0.8268499219840925,27.938303055294604,2.050185033625759,20.48051335100727,3377.4465044653257,451.13677782332184,4.569038710410085,334.4226357473002,2.9969648979999874,
164,ok,85.00213077526337,0.035102604172505124,14.492847147477333,0.9649716699025339,1.0083696015868522,0.9594631173053205,0.9818058479640036,0.9192696482341849,1.3355466987155897,1.4213556844941229,4.880565018842953,252.02411580201868,0.1433529536088165,3009.9629408058036,24.78257673156053,265.99432543599426,0.7915888365731587,27.261197617347435,2.0681098132526192,18.641612942559856,1941.3194402887875,1256.0937345178506,5.061545052947975,306.68676565285995,2.6253677870001866,
165,ok,83.76863207580553,358.3264554647172,14.313917463008124,0.9816885073735763,1.0344331038352077,1.0221839765444554,0.9857361338094002,1.1698123802312907,1.9410076177977724,1.3917802127424779,3.9635939984799973,287.9580209187576,0.09545263790686978,3019.4018972368094,24.687644074159703,271.7969754946133,0.8092814940332688,27.270282005279665,2.0510417057367003,17.167561920123205,1317.6548369454276,346.17211495391786,4.4717496311680325,328.2486935242184,2.5815285650000988,
166,ok,85.5751375988908,0.898991394868478,14.576634493470657,0.9829523858201007,1.022929995164857,0.9659732146314941,1.0112623043088247,1.0960937882696682,1.2580609087256573,1.668194724586209,7.196111598116512,261.4702071847716,0.14345279627339372,3031.049237584804,24.820503837635396,268.8846715613262,0.8039681338566088,27.261673714568015,2.075996282412419,21.01209827923487,3193.7262808926225,1027.1020025937657,4.623064121883274,322.68572471672667,2.8977311490000375,
167,ok,85.73350617407661,359.4423063039678,14.393912963930566,1.0077577132115008,0.9957349964588199,1.0242909366553865,0.9883021595481276,1.0470527670853913,1.6294618021077212,1.4947448198759923,2.3626362183438556,290.4070057507918,0.1514829409765697,3166.5653329589068,25.152485380255204,280.0643345946468,0.8327109014501974,28.194652784222395,2.0587109476093333,16.739882550304205,1048.6588956039657,159.49718212357556,4.74153286351654,326.6789762549423,2.5674269139999524,
168,ok,85.51059465674439,358.66529621002616,14.31945479999213,1.008564098610225,0.9867630006432097,0.9915560781578021,0.9920833292136653,0.951407767093179,1.2076657810095777,1.498676051397848,4.204444536850148,275.60932295532444,0.18641829191050213,3199.22225370086,25.264027347511007,282.2306162580735,0.8409624967540005,28.387377799878326,2.051574597133061,18.684482029612216,2357.2634927212353,343.64079937597126,4.9411128354486635,322.6571511190793,3.0077066720000403,
169,ok,85.15407159108918,1.2819915718561719,14.461464538868544,0.9983924765900813,0.9859131145227958,1.0361009949182425,0.9497538462921051,1.0184883980173918,1.3237459771169164,1.147829565317661,1.2749065109304114,257.72906853492344,0.12142357969977602,3112.1885554931446,24.958450643916336,276.61508988616754,0.8212448205143089,28.13553558715424,2.0651386551084694,16.595241188573038,506.40651780872446,724.9664280434095,4.823593549912869,319.04248142087863,2.612630283000044,
170,ok,85.12044794356157,0.21521600436727525,14.449591709795753,1.0192851499798081,0.9921267407656833,0.8748902948425044,1.0816439696169022,0.8547376853694241,1.3092925084501403,1.6391474344097627,3.2223234087746757,274.2563490668075,0.17670308323809356,3367.003748953621,26.075934617338625,285.1483622144257,0.8483878681345164,28.376526863041637,2.0640121207958178,16.94587418735899,1786.030397111724,533.5717123916522,5.250480837120913,329.8008143834658,2.9787175290000505,
171,ok,85.46063865500378,359.1360891212478,14.45154380476611,0.9888060473025406,0.9861338414918687,0.8533165895662499,0.8990053104148072,0.9568120442426898,1.4150012848593514,1.7536198934527598,5.385346891072165,257.95522805689717,0.1271871135135702,3240.4397646340144,25.695803192818815,276.3553427641351,0.823014501635281,27.998159297751585,2.0641974355498927,19.38470979866512,2084.4146237722175,1058.2651867775264,4.954099263784026,316.89567150385903,3.0024200119999023,
172,ok,86.1105364285035,359.74974528261754,14.392706522185492,0.9972818046879622,1.0028996426426238,1.015542017907864,0.9397982406947614,1.0387715829075674,1.5793809746776333,1.627573902026132,3.19258148119349,260.2048664859234,0.17382489267978088,3137.7916179730228,25.098995657688047,276.6580911229812,0.822640397330554,27.909791932346035,2.0585957493222864,17.888065856113343,1623.644240498678,784.4594718239937,4.752755219795069,320.5792623894333,2.9262761069999215,
173,ok,85.24747212096537,0.08698640832092093,14.346740689788477,0.9855156471586486,1.0119948470193223,0.9255813574099281,0.963474866642968,0.9578959230060927,1.727630656758552,1.6875246652398352,2.290535764610513,282.23572200369756,0.12191769457891521,3175.312779776174,25.39467697725383,274.99461860391284,0.8173111706559143,27.64424558813862,2.0541960807071176,16.736052859333533,873.7892551381495,440.40450266304174,4.951587674763555,318.61951679057705,2.6624744909997844,
174,ok,85.3608277422806,1.6687732939276152,14.484866907673617,0.9948642011004367,1.0086196802406435,1.057631734661428,0.9793347850856886,1.1342886802175154,1.5355239512353367,1.8180207197661629,2.0822363285753136,233.3375215813828,0.12027709643290241,3078.5695560026916,24.857364500869426,273.73807520582073,0.812573699647961,27.715587348183284,2.067355178395279,16.5965169152155,686.0503538214464,1088.5843405840067,4.572668210437715,325.6473993538881,2.6725189950000185,
175,ok,84.9440564705584,359.8760843535257,14.321949856675763,1.0143198078737672,0.9984898922428619,0.9551010042416418,1.0924979988998194,0.9603865896931066,2.183957171971977,1.2739429540744331,0.5732253529443023,283.9811165215386,0.1374925866966173,3290.3309657875957,25.688008286451506,284.24060044939773,0.8442170264933148,28.31710568464071,2.0518146128737245,15.29683588642389,253.56169233401098,620.9633391658609,4.944224699759936,335.617062819007,2.8652081579998594,
176,ok,85.22271227114975,0.1595857312604742,14.227846071226123,1.003849325278753,1.0145861640190215,0.8918941839577935,1.0311406143284336,1.0349210015451493,1.708934919310217,1.2883909509676528,3.0290741616691528,290.9597714454646,0.10211581637851087,3314.0186656186565,25.889891390439754,282.7858290821076,0.8411981296392402,27.961071852178183,2.042719539790676,16.36622120290115,1087.6468099462613,235.71222578151938,4.742637108795785,340.13572891889066,3.25763545000018,
177,ok,84.78636239918713,358.7682139810792,14.46654136423784,1.0035828986399022,1.0161352069939957,0.9364749460366494,0.9517265802821578,0.9776331223710385,2.102317974850242,1.6234776677421507,3.343764481129118,189.98072281765883,0.18539304672700338,3257.7771783287844,25.66534777417888,278.00852451243634,0.8249383874476602,27.770440700002744,2.065619947019349,18.119297690219632,303.5571437891412,2514.094535888114,4.909546835466478,322.2819341082971,2.8703192539999236,
178,ok,85.48542572214397,358.8740838716286,14.453379657600513,1.0045299741109568,0.9958177737084053,1.1564020023279518,1.123602737021102,0.8614992825028943,1.5107245251328807,1.0216086531529216,2.0449404989124296,248.5928362559181,0.13590626759770938,3028.1486331332712,24.490526218483215,276.16017186845465,0.8200358071697228,28.081166291022793,2.064371681758833,15.570944322468899,795.6559454889342,867.6768060909843,5.240997474622314,312.5542426635824,2.6150304759999017,
179,ok,83.87679660534425,358.7013838632086,14.438144032136538,0.9794815489880173,1.0058586405527457,1.189139750080869,1.1014086727001164,1.0113695912764165,1.2281891261367317,1.6183337789499541,3.3836073817004775,341.22756384286,0.1583228808194838,2818.198524676438,23.65737303018652,268.14343123217947,0.7998388276195961,27.572126509723315,2.062924638451563,16.72024367737336,498.71706849310124,-824.2082353311494,4.825025845956105,310.0676125051035,2.5469918770002096,
180,ok,84.66865279369082,0.16476627204615912,14.361253450151795,1.021048191990013,1.0246858501026421,0.9630112478680937,1.0107981739946144,1.032567203458171,1.6064346618207879,1.7263108222108772,1.6778754541673957,273.53022311039257,0.19771166368405116,3295.2352154290834,25.73081161745936,284.1989443368012,0.8446882920503644,27.95636112947554,2.05558741508028,16.393940710594098,1040.130800924063,655.9006665072603,4.770618653920424,334.9458253669811,2.9340182349999395,
181,ok,85.45563131054752,357.5356132138713,14.486978605460642,0.9900414970965913,1.0018023769222084,1.047312020350507,1.0399481083142958,0.9817272043597108,2.2143750705300107,1.6257688448820784,3.511097878447237,338.09665593679017,0.16751739340428104,3007.01958176802,24.55376004245359,272.6917673641041,0.8131447466761287,27.74352362170041,2.0675549261574235,17.381603449658822,621.994798654756,-1041.7319224238315,4.903705901179463,314.19090730140454,2.6820195559998865,
182,ok,84.56301319114263,359.6736076895216,14.336145901832905,0.9980215980769286,1.014136318418197,0.8984613426395046,1.0922982503343142,0.9215275349243249,1.0984606379958621,1.9236252841990056,3.037862253916447,305.9029554090263,0.17803227137695912,3230.275314732007,25.580402157223805,279.24255357728794,0.831854973822102,27.797247820153668,2.053179057954406,16.67304417624697,1362.5798577597866,-280.1825225799207,5.037490782186053,328.83443372377803,2.839884489000042,
183,ok,84.20978341488903,0.7542789176393234,14.524555919282136,0.9892266108611505,0.9789381690757819,1.1118829293331813,0.9682134634791125,0.8932083608310232,1.483843332436005,1.721477973406284,2.147177730300264,318.8472821471962,0.14194902675181387,2950.6670000891136,24.243056719414213,272.21730322711403,0.8095858061021891,28.074341019794748,2.0711022636418,16.817622682993946,588.6752036641227,30.010427104871077,5.158834477371212,298.78151302549463,2.640471997000077,
184,ok,85.18986033916438,0.22470897651220592,14.423045012789292,0.9980675935274155,0.980462122909023,0.9364940443087827,1.018624999251448,1.0255425739937358,1.8286471230014973,1.061997475384682,1.6855897558195805,239.79106951299042,0.15297567339275162,3227.6425193395717,25.508972718796112,278.8903564073193,0.8278385461453039,28.247656844769548,2.0614883562720423,16.205707916042815,709.9308527454027,1055.0288674887815,4.798800263277397,331.2975264580684,2.8443697499999416,
185,ok,85.32883326459277,358.51557755933726,14.320749370385121,1.0068240920594822,1.0186849894910457,1.1289420094757479,1.0886435888325146,0.873971711091576,1.1916581503265453,1.5091385783396527,3.1152245863721286,246.09782910867682,0.06600129574426003,3083.4273208581326,24.74217753962877,278.1032242634325,0.8261520808165672,27.868461161692796,2.0516991379308798,15.84658834235259,825.7288326944085,952.9850313547819,5.180692813377972,315.64875807035526,2.576257261000137,
186,ok,85.47785297613113,359.89935638962834,14.303699400477129,0.9721729797784636,0.9769356233711116,1.0824417274992,0.9237944575622885,0.8738343371976807,1.9046745737722375,1.5347943820507737,5.621451451780347,254.05760888781674,0.15094232955152642,2957.238582908002,24.301227556744056,270.5452130854085,0.8060390414283706,28.008144876365375,2.050057566732999,19.906000168038354,2277.6943485966453,1202.3824485057046,5.146496891140815,296.7068235944868,2.583287776999896,
187,ok,84.70435700619518,0.06197331122587327,14.417444308993204,1.0082080230434707,0.9931767088020274,1.1363236477398422,1.1218799431428546,0.8950163095050709,1.7143753789968568,1.803885377803169,1.1808851317430253,272.6246701777097,0.20109440829773806,3054.823139116025,24.59178226488765,278.3032969149703,0.8265961920548709,28.212482968689987,2.060955032517778,15.381135398086204,706.7352682790402,619.8680630419633,5.136624336708618,315.8349374080271,2.724886620999996,
188,ok,85.25912644235554,357.8008442770608,14.412506769966583,1.0036089802780948,0.9763336375028754,0.9573308457670311,1.053341758356639,0.9017738150864387,1.6372398666465289,1.4473395039121075,4.969309402932245,285.5812946490763,0.11816443404036395,3181.837054177848,25.25064830725647,280.3620932509985,0.8355083334074863,28.407214975371062,2.060484606004423,17.709263367568887,1871.7171977044736,82.03217292474925,5.102281421057899,320.94494588829224,2.8211626180000167,
189,ok,84.30717167889773,0.20087995459852007,14.397344606075054,1.0106771165451216,1.0235527124393364,0.9422422137692444,0.9697639274575657,0.9673593747362854,1.7247312896463853,1.122617302840685,3.4462620123807572,277.11901114810684,0.1578455569320032,3240.716392438054,25.57055118123706,280.8628116250968,0.8359703778605637,27.822229038049617,2.059038543936251,17.668056842103336,1657.1795319429934,554.1015402415353,4.926176142566134,324.5873751581772,2.7367853859998377,
190,ok,84.05865364435648,358.6432153434781,14.374033280332297,1.028429353684452,0.9988013568756922,0.9339066269387446,1.0852201713638263,1.0491610885011347,1.7687926521456485,1.1610172924408169,3.8828673687702486,304.6991411075198,0.17533561529441322,3300.3567841765175,25.676844861809826,287.8101630902251,0.8586182586052239,28.47444475750604,2.0568109082765815,17.515185448552792,1823.6773440075376,-485.84392361697064,4.719560936223054,343.12548549391335,3.136263817000099,
191,ok,84.82023801504201,0.47206421043241753,14.481777292495208,0.9698010837343528,1.0046043247826155,1.1403150179245403,1.02644643070523,0.9889160453773658,1.2905511436330017,2.243438958871682,3.1975785789928564,262.213826828482,0.13827010836630357,2874.4136987284737,24.0194192788582,265.3562384503196,0.7885774040295082,27.413393336641473,2.0670628512646214,16.899199792833976,1305.3809878495022,786.97502199529,4.890703837323116,305.0556402156702,2.538618493000058,
192,ok,85.1396947787006,359.2042360625478,14.49842945107447,1.0293439299576614,1.001527409133105,1.062659323899066,0.9261993412768442,1.1176146253218888,1.8336097284652626,1.5360608261597073,3.0286031094130372,291.44218578936864,0.1647741067521874,3184.7244291011066,25.136981873658122,283.8570846351271,0.8448829911601227,28.327632066476134,2.068637329356583,17.829932579325188,1423.7637212450372,68.0752988425629,4.601221724563691,327.10349068391093,3.0622516089999863,
193,ok,86.06051146148336,359.9956830265865,14.535758921209412,1.0143737809354278,1.0181215800343555,0.9337662950853016,1.0936741234976535,1.0999404581606633,1.5661207489335172,1.2474572686059826,4.355970825616815,307.13034225441027,0.12087178200062469,3236.2712450095905,25.567519845430017,280.04068951076823,0.8347132188382971,27.84781833732588,2.072157228778305,17.078425161713096,1495.1128918991988,-611.8655845423846,4.641715481378802,342.19345760357044,2.8433856510000624,
194,ok,84.56099937848168,1.2408954324705175,14.496038725094646,0.9687445513749807,1.0044948208069286,1.1281910650096372,1.0988781631410374,1.1648302627777507,1.180931415867706,1.2442623078710329,2.529359141944684,230.00244117361743,0.12536846321651354,2894.4622601903084,24.12328931303704,265.07221785992226,0.7865305246549998,27.38300917799363,2.06841144726425,15.931698010358204,823.4609559640214,1324.4696790551188,4.512202657100046,326.0915194191359,2.415180807999832,
195,ok,84.9160562800811,359.92954093583944,14.524326640179334,1.0352631970725485,0.9977866328407496,0.9203733023607283,0.9347669683868124,1.037929949248604,1.3464968323091766,1.5752942817539193,2.153229710983112,252.87381386624025,0.2377039049737842,3389.6383322443176,26.093167752743348,287.7415043356052,0.854997207373279,28.455973860858332,2.071080660375334,17.736624360317638,1555.733023202725,1185.7660014553512,4.779910187749609,333.6718669165942,3.041890421000062,
196,ok,85.95633853621263,359.45943054808504,14.407111457538601,0.9689656923992219,0.9840935840969092,0.951175107210239,0.955149976584259,0.9220124351407241,1.834892918796189,1.5435026372210596,3.333543489835453,300.11741448339126,0.17333054867374548,3047.475347283791,24.85607550562818,269.89150354953614,0.8035386454986445,27.757646980047078,2.0599702944293625,17.887506526653507,1409.2396577004665,-307.22613689049285,5.046422249587623,307.41939210359226,2.608135157000106,
197,ok,85.23100647215814,358.6459374094602,14.409465070431112,0.9934586191281277,1.0294734599576596,0.9917388226238862,1.2242292626124402,1.0833541804406586,1.297191723643533,1.2047436244807777,6.186296284932443,301.4213261145155,0.23373948904895728,3020.3604148464374,24.63265705337835,273.85618030657366,0.8237486859392155,27.45903415491703,2.0601946888158382,22.656813088976467,4009.3922895319038,-1885.219907114425,4.594495607248365,337.59459665677923,2.9203802160000123,
198,ok,84.66137148743546,1.0272451996085907,14.37755089921189,0.9871747998701933,0.9944188978147929,0.8606539081929867,0.9872950710010493,0.9878044110254673,1.4417355471161173,1.4973215300772285,3.5203144314123596,205.37750072525398,0.10620336346994606,3279.348762482004,25.841134486854926,276.7394306614889,0.8211246312818625,27.920200611781556,2.057147392067366,17.047319608510374,574.6272444410465,1917.7733740065453,4.8779909961801255,328.94518842303546,3.3464350760000343,
199,ok,84.50630284561953,359.140453194493,14.551593531966489,1.0268991908626608,0.9928231306668474,1.0200491503869122,0.8972684552937884,1.0077696698132481,1.5073163161210998,1.4576609373807548,2.3385991115866513,248.79720286836042,0.15828741051723413,3232.0725575885376,25.39136237241136,283.509372153646,0.8420171413873853,28.389642798732307,2.073646305635284,17.62493589725458,1026.228223312127,1130.8019615820003,4.859560783043429,319.24076925551896,3.233476953999798,
